sequence_index,outcome,constant_train_prevalence_q,logistic_all_sensor_q
1,1,16838,26226
2,1,16838,24540
3,1,16838,23456
4,1,16838,24129
5,1,16838,23762
6,1,16838,21771
7,1,16838,21511
8,1,16838,21671
9,1,16838,21509
10,1,16838,21771
11,1,16838,22794
12,1,16838,22721
13,1,16838,23649
14,1,16838,25043
15,1,16838,24623
16,1,16838,24068
17,1,16838,26161
18,1,16838,30019
19,1,16838,28800
20,1,16838,27776
21,1,16838,28032
22,1,16838,28675
23,1,16838,27358
24,1,16838,27749
25,1,16838,30330
26,1,16838,27835
27,1,16838,28700
28,1,16838,28945
29,1,16838,29725
30,1,16838,29270
31,1,16838,30294
32,1,16838,31328
33,1,16838,30634
34,1,16838,30702
35,1,16838,31113
36,1,16838,31071
37,1,16838,31104
38,1,16838,30746
39,1,16838,30843
40,1,16838,29889
41,1,16838,29024
42,1,16838,27267
43,1,16838,27020
44,1,16838,28441
45,1,16838,29923
46,1,16838,29143
47,1,16838,29569
48,1,16838,30236
49,1,16838,32674
50,1,16838,34654
51,1,16838,33723
52,1,16838,34613
53,1,16838,35995
54,1,16838,34237
55,1,16838,34328
56,1,16838,30477
57,1,16838,30153
58,1,16838,30035
59,1,16838,31649
60,1,16838,30832
61,1,16838,34786
62,1,16838,33895
63,1,16838,34507
64,1,16838,35358
65,1,16838,34045
66,1,16838,32849
67,1,16838,32327
68,1,16838,31990
69,1,16838,32110
70,1,16838,31892
71,1,16838,31936
72,1,16838,31632
73,1,16838,32260
74,1,16838,29953
75,1,16838,28150
76,1,16838,27479
77,1,16838,33282
78,1,16838,34006
79,1,16838,32626
80,1,16838,31133
81,1,16838,30706
82,1,16838,29918
83,1,16838,30815
84,1,16838,30685
85,1,16838,28417
86,1,16838,29029
87,1,16838,28455
88,1,16838,28216
89,1,16838,4674
90,0,16838,50
91,0,16838,50
92,0,16838,53
93,0,16838,59
94,0,16838,59
95,0,16838,57
96,0,16838,56
97,0,16838,56
98,0,16838,55
99,0,16838,53
100,0,16838,54
101,0,16838,57
102,0,16838,56
103,0,16838,53
104,0,16838,52
105,0,16838,50
106,0,16838,53
107,0,16838,52
108,0,16838,51
109,0,16838,52
110,0,16838,51
111,0,16838,51
112,0,16838,53
113,0,16838,53
114,0,16838,55
115,0,16838,51
116,0,16838,51
117,0,16838,53
118,0,16838,51
119,0,16838,53
120,0,16838,50
121,0,16838,48
122,0,16838,48
123,0,16838,48
124,0,16838,47
125,0,16838,47
126,0,16838,47
127,0,16838,48
128,0,16838,47
129,0,16838,50
130,0,16838,50
131,0,16838,50
132,0,16838,52
133,0,16838,51
134,0,16838,52
135,0,16838,53
136,0,16838,51
137,0,16838,49
138,0,16838,53
139,0,16838,52
140,0,16838,51
141,0,16838,53
142,0,16838,57
143,0,16838,56
144,0,16838,54
145,0,16838,53
146,0,16838,52
147,0,16838,52
148,0,16838,56
149,0,16838,56
150,0,16838,53
151,0,16838,53
152,0,16838,51
153,0,16838,58
154,0,16838,52
155,0,16838,54
156,0,16838,57
157,0,16838,58
158,0,16838,60
159,0,16838,59
160,0,16838,57
161,0,16838,59
162,0,16838,60
163,0,16838,58
164,0,16838,62
165,0,16838,63
166,0,16838,61
167,0,16838,61
168,0,16838,62
169,0,16838,62
170,0,16838,62
171,0,16838,59
172,0,16838,57
173,0,16838,58
174,0,16838,57
175,0,16838,55
176,0,16838,56
177,0,16838,58
178,0,16838,66
179,0,16838,57
180,0,16838,62
181,0,16838,59
182,0,16838,63
183,0,16838,56
184,0,16838,56
185,0,16838,58
186,0,16838,61
187,0,16838,61
188,0,16838,59
189,0,16838,62
190,0,16838,63
191,0,16838,56
192,0,16838,67
193,0,16838,56
194,0,16838,64
195,0,16838,63
196,0,16838,67
197,0,16838,67
198,0,16838,59
199,0,16838,65
200,0,16838,67
201,0,16838,64
202,0,16838,67
203,0,16838,65
204,0,16838,64
205,0,16838,66
206,0,16838,69
207,0,16838,69
208,0,16838,72
209,0,16838,67
210,0,16838,70
211,0,16838,65
212,0,16838,73
213,0,16838,72
214,0,16838,66
215,0,16838,75
216,0,16838,76
217,0,16838,78
218,0,16838,77
219,0,16838,77
220,0,16838,75
221,0,16838,76
222,0,16838,74
223,0,16838,71
224,0,16838,71
225,0,16838,69
226,0,16838,70
227,0,16838,73
228,0,16838,74
229,0,16838,74
230,0,16838,75
231,0,16838,70
232,0,16838,68
233,0,16838,79
234,0,16838,72
235,0,16838,73
236,0,16838,76
237,0,16838,81
238,0,16838,82
239,0,16838,81
240,0,16838,77
241,0,16838,79
242,0,16838,81
243,0,16838,83
244,0,16838,84
245,0,16838,83
246,0,16838,78
247,0,16838,77
248,0,16838,79
249,0,16838,83
250,0,16838,82
251,0,16838,84
252,0,16838,83
253,0,16838,84
254,0,16838,77
255,0,16838,75
256,0,16838,83
257,0,16838,79
258,0,16838,74
259,0,16838,76
260,0,16838,74
261,0,16838,86
262,0,16838,85
263,0,16838,75
264,0,16838,79
265,0,16838,83
266,0,16838,85
267,0,16838,83
268,0,16838,84
269,0,16838,82
270,0,16838,82
271,0,16838,79
272,0,16838,78
273,0,16838,80
274,0,16838,81
275,0,16838,72
276,0,16838,80
277,0,16838,83
278,0,16838,85
279,0,16838,86
280,0,16838,87
281,0,16838,88
282,0,16838,83
283,0,16838,90
284,0,16838,90
285,0,16838,85
286,0,16838,90
287,0,16838,84
288,0,16838,86
289,0,16838,91
290,0,16838,91
291,0,16838,83
292,0,16838,88
293,0,16838,87
294,0,16838,88
295,0,16838,87
296,0,16838,82
297,0,16838,84
298,0,16838,87
299,0,16838,89
300,0,16838,100
301,0,16838,91
302,0,16838,88
303,0,16838,87
304,0,16838,93
305,0,16838,91
306,0,16838,93
307,0,16838,93
308,0,16838,93
309,0,16838,93
310,0,16838,91
311,0,16838,93
312,0,16838,90
313,0,16838,90
314,0,16838,94
315,0,16838,91
316,0,16838,95
317,0,16838,92
318,0,16838,96
319,0,16838,87
320,0,16838,97
321,0,16838,94
322,0,16838,88
323,0,16838,93
324,0,16838,95
325,0,16838,100
326,0,16838,97
327,0,16838,100
328,0,16838,102
329,0,16838,98
330,0,16838,96
331,0,16838,95
332,0,16838,91
333,0,16838,100
334,0,16838,107
335,0,16838,97
336,0,16838,94
337,0,16838,98
338,0,16838,99
339,0,16838,106
340,0,16838,100
341,0,16838,95
342,0,16838,98
343,0,16838,107
344,0,16838,94
345,0,16838,102
346,0,16838,97
347,0,16838,100
348,0,16838,104
349,0,16838,107
350,0,16838,95
351,0,16838,101
352,0,16838,113
353,0,16838,101
354,0,16838,114
355,0,16838,108
356,0,16838,114
357,0,16838,115
358,0,16838,109
359,0,16838,109
360,0,16838,112
361,0,16838,105
362,0,16838,106
363,0,16838,98
364,0,16838,110
365,0,16838,103
366,0,16838,110
367,0,16838,112
368,0,16838,110
369,0,16838,108
370,0,16838,113
371,0,16838,111
372,0,16838,107
373,0,16838,112
374,0,16838,108
375,0,16838,116
376,0,16838,113
377,0,16838,120
378,0,16838,114
379,0,16838,115
380,0,16838,112
381,0,16838,116
382,0,16838,109
383,0,16838,116
384,0,16838,114
385,0,16838,116
386,0,16838,120
387,0,16838,115
388,0,16838,111
389,0,16838,112
390,0,16838,111
391,0,16838,114
392,0,16838,108
393,0,16838,118
394,0,16838,121
395,0,16838,116
396,0,16838,120
397,0,16838,111
398,0,16838,117
399,0,16838,114
400,0,16838,109
401,0,16838,107
402,0,16838,112
403,0,16838,114
404,0,16838,125
405,0,16838,118
406,0,16838,126
407,0,16838,123
408,0,16838,116
409,0,16838,117
410,0,16838,123
411,0,16838,122
412,0,16838,121
413,0,16838,122
414,0,16838,121
415,0,16838,122
416,0,16838,118
417,0,16838,122
418,0,16838,122
419,0,16838,123
420,0,16838,127
421,0,16838,125
422,0,16838,121
423,0,16838,122
424,0,16838,121
425,0,16838,121
426,0,16838,117
427,0,16838,119
428,0,16838,126
429,0,16838,126
430,0,16838,109
431,0,16838,116
432,0,16838,118
433,0,16838,122
434,0,16838,120
435,0,16838,125
436,0,16838,126
437,0,16838,126
438,0,16838,124
439,0,16838,123
440,0,16838,119
441,0,16838,121
442,0,16838,118
443,0,16838,115
444,0,16838,122
445,0,16838,126
446,0,16838,120
447,0,16838,124
448,0,16838,126
449,0,16838,128
450,0,16838,127
451,0,16838,120
452,0,16838,128
453,0,16838,133
454,0,16838,135
455,0,16838,130
456,0,16838,131
457,0,16838,117
458,0,16838,119
459,0,16838,118
460,0,16838,120
461,0,16838,126
462,0,16838,129
463,0,16838,127
464,0,16838,129
465,0,16838,119
466,0,16838,131
467,0,16838,121
468,0,16838,118
469,0,16838,124
470,0,16838,125
471,0,16838,125
472,0,16838,121
473,0,16838,122
474,0,16838,129
475,0,16838,129
476,0,16838,131
477,0,16838,123
478,0,16838,128
479,0,16838,129
480,0,16838,131
481,0,16838,123
482,0,16838,124
483,0,16838,122
484,0,16838,130
485,0,16838,128
486,0,16838,131
487,0,16838,133
488,0,16838,129
489,0,16838,135
490,0,16838,142
491,0,16838,140
492,0,16838,138
493,0,16838,133
494,0,16838,127
495,0,16838,135
496,0,16838,133
497,0,16838,131
498,0,16838,128
499,0,16838,126
500,0,16838,130
501,0,16838,137
502,0,16838,142
503,0,16838,135
504,0,16838,129
505,0,16838,130
506,0,16838,141
507,0,16838,140
508,0,16838,129
509,0,16838,133
510,0,16838,134
511,0,16838,128
512,0,16838,135
513,0,16838,136
514,0,16838,139
515,0,16838,134
516,0,16838,139
517,0,16838,147
518,0,16838,146
519,0,16838,141
520,0,16838,138
521,0,16838,140
522,0,16838,136
523,0,16838,139
524,0,16838,134
525,0,16838,146
526,0,16838,145
527,0,16838,126
528,0,16838,138
529,0,16838,146
530,0,16838,139
531,0,16838,144
532,0,16838,149
533,0,16838,152
534,0,16838,140
535,0,16838,141
536,0,16838,142
537,0,16838,147
538,0,16838,141
539,0,16838,143
540,0,16838,138
541,0,16838,144
542,0,16838,142
543,0,16838,145
544,0,16838,146
545,0,16838,135
546,0,16838,138
547,0,16838,138
548,0,16838,131
549,0,16838,135
550,0,16838,134
551,0,16838,136
552,0,16838,141
553,0,16838,145
554,0,16838,143
555,0,16838,124
556,0,16838,149
557,0,16838,148
558,0,16838,148
559,0,16838,146
560,0,16838,146
561,0,16838,148
562,0,16838,144
563,0,16838,154
564,0,16838,152
565,0,16838,127
566,0,16838,139
567,0,16838,140
568,0,16838,141
569,0,16838,149
570,0,16838,130
571,0,16838,138
572,0,16838,139
573,0,16838,134
574,0,16838,151
575,0,16838,140
576,0,16838,146
577,0,16838,137
578,0,16838,140
579,0,16838,137
580,0,16838,148
581,0,16838,149
582,0,16838,155
583,0,16838,152
584,0,16838,152
585,0,16838,142
586,0,16838,146
587,0,16838,149
588,0,16838,142
589,0,16838,144
590,0,16838,148
591,0,16838,146
592,0,16838,136
593,0,16838,149
594,0,16838,142
595,0,16838,148
596,0,16838,139
597,0,16838,146
598,0,16838,144
599,0,16838,149
600,0,16838,139
601,0,16838,147
602,0,16838,143
603,0,16838,133
604,0,16838,139
605,0,16838,155
606,0,16838,139
607,0,16838,147
608,0,16838,146
609,0,16838,159
610,0,16838,143
611,0,16838,149
612,0,16838,146
613,0,16838,145
614,0,16838,141
615,0,16838,149
616,0,16838,154
617,0,16838,152
618,0,16838,143
619,0,16838,150
620,0,16838,149
621,0,16838,150
622,0,16838,151
623,0,16838,151
624,0,16838,162
625,0,16838,151
626,0,16838,147
627,0,16838,149
628,0,16838,176
629,0,16838,177
630,0,16838,170
631,0,16838,164
632,0,16838,172
633,0,16838,171
634,0,16838,152
635,0,16838,143
636,0,16838,162
637,0,16838,167
638,0,16838,167
639,0,16838,165
640,0,16838,167
641,0,16838,149
642,0,16838,165
643,0,16838,162
644,0,16838,167
645,0,16838,167
646,0,16838,159
647,0,16838,152
648,0,16838,160
649,0,16838,166
650,0,16838,170
651,0,16838,172
652,0,16838,159
653,0,16838,158
654,0,16838,165
655,0,16838,148
656,0,16838,154
657,0,16838,161
658,0,16838,172
659,0,16838,165
660,0,16838,168
661,0,16838,165
662,0,16838,172
663,0,16838,176
664,0,16838,179
665,0,16838,171
666,0,16838,171
667,0,16838,180
668,0,16838,171
669,0,16838,166
670,0,16838,166
671,0,16838,169
672,0,16838,156
673,0,16838,173
674,0,16838,161
675,0,16838,147
676,0,16838,170
677,0,16838,169
678,0,16838,175
679,0,16838,180
680,0,16838,175
681,0,16838,174
682,0,16838,175
683,0,16838,168
684,0,16838,169
685,0,16838,172
686,0,16838,164
687,0,16838,171
688,0,16838,172
689,0,16838,175
690,0,16838,184
691,0,16838,187
692,0,16838,170
693,0,16838,163
694,0,16838,171
695,0,16838,166
696,0,16838,173
697,0,16838,176
698,0,16838,169
699,0,16838,170
700,0,16838,177
701,0,16838,150
702,0,16838,169
703,0,16838,179
704,0,16838,176
705,0,16838,174
706,0,16838,178
707,0,16838,176
708,0,16838,177
709,0,16838,177
710,0,16838,180
711,0,16838,173
712,0,16838,164
713,0,16838,157
714,0,16838,168
715,0,16838,173
716,0,16838,168
717,0,16838,170
718,0,16838,168
719,0,16838,177
720,0,16838,171
721,0,16838,168
722,0,16838,165
723,0,16838,162
724,0,16838,173
725,0,16838,167
726,0,16838,171
727,0,16838,166
728,0,16838,167
729,0,16838,159
730,0,16838,157
731,0,16838,165
732,0,16838,166
733,0,16838,172
734,0,16838,169
735,0,16838,175
736,0,16838,173
737,0,16838,176
738,0,16838,177
739,0,16838,165
740,0,16838,168
741,0,16838,154
742,0,16838,171
743,0,16838,179
744,0,16838,174
745,0,16838,167
746,0,16838,173
747,0,16838,165
748,0,16838,169
749,0,16838,171
750,0,16838,158
751,0,16838,170
752,0,16838,164
753,0,16838,161
754,0,16838,172
755,0,16838,164
756,0,16838,179
757,0,16838,171
758,0,16838,173
759,0,16838,194
760,0,16838,163
761,0,16838,174
762,0,16838,156
763,0,16838,151
764,0,16838,155
765,0,16838,160
766,0,16838,170
767,0,16838,160
768,0,16838,161
769,0,16838,152
770,0,16838,152
771,0,16838,163
772,0,16838,164
773,0,16838,157
774,0,16838,150
775,0,16838,155
776,0,16838,152
777,0,16838,164
778,0,16838,154
779,0,16838,159
780,0,16838,150
781,0,16838,161
782,0,16838,177
783,0,16838,156
784,0,16838,185
785,0,16838,172
786,0,16838,170
787,0,16838,163
788,0,16838,155
789,0,16838,167
790,0,16838,164
791,0,16838,173
792,0,16838,174
793,0,16838,171
794,0,16838,169
795,0,16838,165
796,0,16838,161
797,0,16838,149
798,0,16838,163
799,0,16838,166
800,0,16838,154
801,0,16838,160
802,0,16838,162
803,0,16838,149
804,0,16838,156
805,0,16838,157
806,0,16838,147
807,0,16838,150
808,0,16838,156
809,0,16838,158
810,0,16838,151
811,0,16838,145
812,0,16838,145
813,0,16838,162
814,0,16838,167
815,0,16838,165
816,0,16838,164
817,0,16838,164
818,0,16838,157
819,0,16838,161
820,0,16838,167
821,0,16838,166
822,0,16838,159
823,0,16838,158
824,0,16838,155
825,0,16838,160
826,0,16838,157
827,0,16838,156
828,0,16838,154
829,0,16838,154
830,0,16838,153
831,0,16838,147
832,0,16838,166
833,0,16838,161
834,0,16838,155
835,0,16838,158
836,0,16838,151
837,0,16838,146
838,0,16838,147
839,0,16838,153
840,0,16838,167
841,0,16838,158
842,0,16838,152
843,0,16838,150
844,0,16838,145
845,0,16838,160
846,0,16838,165
847,0,16838,156
848,0,16838,164
849,0,16838,159
850,0,16838,158
851,0,16838,151
852,0,16838,149
853,0,16838,145
854,0,16838,147
855,0,16838,151
856,0,16838,149
857,0,16838,147
858,0,16838,127
859,0,16838,129
860,0,16838,129
861,0,16838,124
862,0,16838,120
863,0,16838,114
864,0,16838,120
865,0,16838,104
866,0,16838,99
867,0,16838,101
868,0,16838,103
869,0,16838,111
870,0,16838,110
871,0,16838,116
872,0,16838,119
873,0,16838,108
874,0,16838,105
875,0,16838,102
876,0,16838,111
877,0,16838,118
878,0,16838,108
879,0,16838,97
880,0,16838,93
881,0,16838,95
882,0,16838,110
883,0,16838,103
884,0,16838,107
885,0,16838,111
886,0,16838,109
887,0,16838,108
888,0,16838,105
889,0,16838,107
890,0,16838,103
891,0,16838,107
892,0,16838,105
893,0,16838,107
894,0,16838,106
895,0,16838,105
896,0,16838,106
897,0,16838,104
898,0,16838,105
899,0,16838,101
900,0,16838,108
901,0,16838,104
902,0,16838,113
903,0,16838,109
904,0,16838,112
905,0,16838,117
906,0,16838,115
907,0,16838,110
908,0,16838,113
909,0,16838,102
910,0,16838,115
911,0,16838,114
912,0,16838,112
913,0,16838,113
914,0,16838,111
915,0,16838,113
916,0,16838,110
917,0,16838,107
918,0,16838,98
919,0,16838,92
920,0,16838,95
921,0,16838,85
922,0,16838,88
923,0,16838,89
924,0,16838,87
925,0,16838,85
926,0,16838,86
927,0,16838,86
928,0,16838,89
929,0,16838,89
930,0,16838,92
931,0,16838,95
932,0,16838,99
933,0,16838,95
934,0,16838,101
935,0,16838,101
936,0,16838,100
937,0,16838,104
938,0,16838,108
939,0,16838,109
940,0,16838,109
941,0,16838,109
942,0,16838,110
943,0,16838,114
944,0,16838,108
945,0,16838,108
946,0,16838,93
947,0,16838,106
948,0,16838,109
949,0,16838,108
950,0,16838,112
951,0,16838,111
952,0,16838,111
953,0,16838,109
954,0,16838,108
955,0,16838,112
956,0,16838,112
957,0,16838,103
958,0,16838,98
959,0,16838,106
960,0,16838,102
961,0,16838,109
962,0,16838,115
963,0,16838,105
964,0,16838,103
965,0,16838,102
966,0,16838,102
967,0,16838,136
968,0,16838,136
969,0,16838,133
970,0,16838,113
971,0,16838,106
972,0,16838,116
973,0,16838,99
974,0,16838,100
975,0,16838,102
976,0,16838,107
977,0,16838,97
978,0,16838,107
979,0,16838,114
980,0,16838,96
981,0,16838,95
982,0,16838,104
983,0,16838,95
984,0,16838,90
985,0,16838,95
986,0,16838,94
987,0,16838,96
988,0,16838,106
989,0,16838,129
990,0,16838,125
991,0,16838,122
992,0,16838,109
993,0,16838,114
994,0,16838,116
995,0,16838,136
996,0,16838,165
997,0,16838,147
998,0,16838,165
999,0,16838,155
1000,0,16838,150
1001,0,16838,168
1002,1,16838,11543
1003,0,16838,51654
1004,0,16838,53844
1005,1,16838,53849
1006,1,16838,54090
1007,1,16838,52563
1008,1,16838,54883
1009,1,16838,48232
1010,1,16838,52479
1011,1,16838,52520
1012,1,16838,52009
1013,1,16838,49594
1014,1,16838,50071
1015,1,16838,52780
1016,1,16838,53442
1017,1,16838,56245
1018,1,16838,55392
1019,1,16838,53678
1020,1,16838,56716
1021,1,16838,57456
1022,1,16838,56803
1023,1,16838,58740
1024,1,16838,59647
1025,1,16838,58040
1026,1,16838,59251
1027,1,16838,60419
1028,1,16838,59347
1029,1,16838,59418
1030,1,16838,60444
1031,1,16838,60008
1032,1,16838,60735
1033,1,16838,60450
1034,1,16838,61388
1035,1,16838,61079
1036,1,16838,60627
1037,1,16838,60447
1038,1,16838,60755
1039,1,16838,61538
1040,1,16838,62844
1041,1,16838,61671
1042,1,16838,63069
1043,1,16838,62261
1044,1,16838,61776
1045,1,16838,62776
1046,1,16838,63026
1047,1,16838,63626
1048,1,16838,63114
1049,1,16838,63812
1050,1,16838,63395
1051,1,16838,63962
1052,1,16838,64238
1053,1,16838,64063
1054,1,16838,65527
1055,1,16838,64297
1056,1,16838,64434
1057,1,16838,64516
1058,1,16838,64872
1059,1,16838,64490
1060,1,16838,64547
1061,1,16838,64477
1062,1,16838,64738
1063,1,16838,64490
1064,0,16838,64350
1065,0,16838,64575
1066,0,16838,64334
1067,0,16838,63933
1068,0,16838,64287
1069,0,16838,64260
1070,1,16838,64614
1071,1,16838,64431
1072,1,16838,64193
1073,1,16838,64174
1074,1,16838,64121
1075,1,16838,64031
1076,1,16838,64125
1077,1,16838,64028
1078,1,16838,64252
1079,1,16838,64053
1080,1,16838,64155
1081,1,16838,64027
1082,1,16838,64071
1083,1,16838,64126
1084,1,16838,64118
1085,1,16838,63876
1086,1,16838,64203
1087,1,16838,64163
1088,1,16838,64168
1089,1,16838,64266
1090,1,16838,64504
1091,1,16838,64301
1092,1,16838,64226
1093,1,16838,64449
1094,1,16838,64546
1095,1,16838,64503
1096,1,16838,64738
1097,1,16838,64635
1098,1,16838,64739
1099,1,16838,64601
1100,1,16838,64423
1101,1,16838,64607
1102,1,16838,64782
1103,1,16838,64752
1104,1,16838,64879
1105,1,16838,64494
1106,1,16838,64759
1107,1,16838,64917
1108,1,16838,64886
1109,1,16838,64877
1110,1,16838,64918
1111,1,16838,64895
1112,1,16838,64700
1113,1,16838,64644
1114,1,16838,64658
1115,1,16838,64940
1116,1,16838,64984
1117,1,16838,64815
1118,1,16838,64855
1119,1,16838,64752
1120,1,16838,64707
1121,1,16838,64806
1122,1,16838,64844
1123,1,16838,64813
1124,1,16838,64915
1125,1,16838,65019
1126,1,16838,65028
1127,1,16838,64920
1128,1,16838,65047
1129,1,16838,65038
1130,1,16838,65037
1131,1,16838,65088
1132,1,16838,65124
1133,1,16838,65133
1134,1,16838,64980
1135,1,16838,64965
1136,1,16838,64967
1137,1,16838,64984
1138,1,16838,65080
1139,1,16838,65059
1140,1,16838,64954
1141,1,16838,64889
1142,1,16838,64983
1143,1,16838,64921
1144,1,16838,65069
1145,1,16838,65044
1146,1,16838,65077
1147,1,16838,65005
1148,1,16838,64839
1149,1,16838,64982
1150,1,16838,64977
1151,1,16838,65033
1152,1,16838,65029
1153,1,16838,64966
1154,1,16838,65043
1155,1,16838,65012
1156,1,16838,64997
1157,1,16838,64948
1158,1,16838,65004
1159,1,16838,64950
1160,1,16838,65002
1161,1,16838,65024
1162,1,16838,64982
1163,1,16838,64845
1164,1,16838,65002
1165,1,16838,65058
1166,1,16838,64982
1167,1,16838,64945
1168,1,16838,64940
1169,1,16838,64821
1170,1,16838,64875
1171,1,16838,64799
1172,1,16838,64856
1173,1,16838,64835
1174,1,16838,64779
1175,1,16838,64987
1176,1,16838,64870
1177,1,16838,64896
1178,1,16838,64797
1179,1,16838,64919
1180,1,16838,64653
1181,1,16838,64897
1182,1,16838,64776
1183,1,16838,64684
1184,1,16838,64659
1185,1,16838,64763
1186,1,16838,64541
1187,1,16838,64779
1188,1,16838,64663
1189,1,16838,64694
1190,1,16838,64746
1191,1,16838,64656
1192,1,16838,64580
1193,1,16838,64698
1194,1,16838,64649
1195,1,16838,64498
1196,1,16838,64355
1197,1,16838,64307
1198,1,16838,64075
1199,1,16838,64604
1200,1,16838,64351
1201,1,16838,64295
1202,1,16838,64003
1203,1,16838,63936
1204,1,16838,64155
1205,1,16838,64118
1206,1,16838,64064
1207,1,16838,63776
1208,1,16838,64122
1209,1,16838,64227
1210,1,16838,63910
1211,1,16838,64086
1212,1,16838,63923
1213,1,16838,63845
1214,1,16838,63722
1215,1,16838,63437
1216,1,16838,63160
1217,1,16838,63466
1218,1,16838,63551
1219,1,16838,63376
1220,1,16838,63376
1221,1,16838,63231
1222,1,16838,62869
1223,1,16838,62801
1224,1,16838,62354
1225,1,16838,62851
1226,1,16838,63470
1227,1,16838,63086
1228,1,16838,63088
1229,1,16838,62845
1230,1,16838,62570
1231,1,16838,62510
1232,1,16838,62312
1233,1,16838,62138
1234,1,16838,61298
1235,1,16838,62423
1236,1,16838,62633
1237,1,16838,61977
1238,1,16838,62327
1239,1,16838,62023
1240,1,16838,62015
1241,1,16838,61711
1242,1,16838,61871
1243,1,16838,61684
1244,1,16838,61806
1245,1,16838,6222
1246,0,16838,661
1247,0,16838,501
1248,0,16838,472
1249,0,16838,396
1250,0,16838,456
1251,0,16838,402
1252,0,16838,396
1253,0,16838,380
1254,0,16838,303
1255,0,16838,267
1256,0,16838,262
1257,0,16838,297
1258,0,16838,273
1259,0,16838,256
1260,0,16838,229
1261,0,16838,288
1262,0,16838,242
1263,0,16838,245
1264,0,16838,226
1265,0,16838,182
1266,0,16838,186
1267,0,16838,180
1268,0,16838,211
1269,0,16838,162
1270,0,16838,164
1271,0,16838,171
1272,0,16838,157
1273,0,16838,163
1274,0,16838,187
1275,0,16838,145
1276,0,16838,166
1277,0,16838,131
1278,0,16838,119
1279,0,16838,125
1280,0,16838,135
1281,0,16838,117
1282,0,16838,304
1283,1,16838,5000
1284,0,16838,49475
1285,0,16838,51972
1286,0,16838,55906
1287,0,16838,53572
1288,0,16838,55572
1289,0,16838,54257
1290,0,16838,53924
1291,0,16838,51948
1292,1,16838,52363
1293,1,16838,53066
1294,1,16838,50170
1295,1,16838,48946
1296,1,16838,47518
1297,1,16838,47690
1298,1,16838,45090
1299,1,16838,46661
1300,1,16838,47969
1301,1,16838,48014
1302,1,16838,47613
1303,1,16838,46029
1304,1,16838,46010
1305,1,16838,46159
1306,1,16838,48007
1307,1,16838,45166
1308,1,16838,47015
1309,1,16838,43872
1310,1,16838,43809
1311,1,16838,42390
1312,1,16838,49599
1313,1,16838,49743
1314,1,16838,45142
1315,1,16838,44923
1316,1,16838,42182
1317,1,16838,40492
1318,1,16838,40930
1319,1,16838,41392
1320,1,16838,40359
1321,1,16838,38900
1322,1,16838,39255
1323,1,16838,40271
1324,1,16838,40878
1325,1,16838,33859
1326,1,16838,39111
1327,1,16838,38336
1328,1,16838,38482
1329,1,16838,37332
1330,1,16838,34412
1331,1,16838,34654
1332,1,16838,37845
1333,1,16838,37832
1334,1,16838,38874
1335,1,16838,36974
1336,1,16838,34746
1337,1,16838,33491
1338,1,16838,33031
1339,1,16838,36028
1340,1,16838,36259
1341,1,16838,35602
1342,1,16838,34176
1343,1,16838,32547
1344,1,16838,33972
1345,1,16838,32898
1346,1,16838,31207
1347,1,16838,30524
1348,1,16838,29125
1349,1,16838,33608
1350,1,16838,31577
1351,1,16838,32405
1352,1,16838,32722
1353,1,16838,29660
1354,1,16838,31035
1355,1,16838,28900
1356,1,16838,33133
1357,1,16838,32250
1358,1,16838,32217
1359,1,16838,30161
1360,1,16838,28815
1361,1,16838,31681
1362,1,16838,26200
1363,1,16838,28639
1364,1,16838,30723
1365,1,16838,29115
1366,1,16838,26871
1367,1,16838,26998
1368,1,16838,25999
1369,1,16838,26350
1370,1,16838,31212
1371,1,16838,28307
1372,1,16838,26922
1373,1,16838,24845
1374,1,16838,25711
1375,1,16838,24995
1376,1,16838,25018
1377,1,16838,27271
1378,1,16838,28105
1379,1,16838,27273
1380,1,16838,25389
1381,1,16838,23876
1382,1,16838,24098
1383,1,16838,23288
1384,1,16838,22859
1385,1,16838,25353
1386,1,16838,24668
1387,1,16838,24883
1388,1,16838,26118
1389,1,16838,24434
1390,1,16838,24327
1391,1,16838,24551
1392,1,16838,25185
1393,1,16838,23374
1394,1,16838,24205
1395,1,16838,24532
1396,1,16838,24644
1397,1,16838,25827
1398,1,16838,25651
1399,1,16838,24915
1400,1,16838,24584
1401,1,16838,24559
1402,1,16838,24132
1403,1,16838,24614
1404,1,16838,25634
1405,1,16838,25386
1406,1,16838,26702
1407,1,16838,27150
1408,1,16838,27280
1409,1,16838,25213
1410,1,16838,24693
1411,1,16838,24271
1412,1,16838,23339
1413,1,16838,23104
1414,1,16838,23844
1415,1,16838,27792
1416,1,16838,28405
1417,1,16838,28765
1418,1,16838,31011
1419,1,16838,25402
1420,1,16838,30856
1421,1,16838,27761
1422,1,16838,30624
1423,1,16838,26470
1424,1,16838,23791
1425,1,16838,26949
1426,1,16838,28366
1427,1,16838,24918
1428,1,16838,25858
1429,1,16838,23754
1430,1,16838,24348
1431,1,16838,25432
1432,1,16838,26562
1433,1,16838,27810
1434,1,16838,26973
1435,1,16838,27083
1436,1,16838,27657
1437,1,16838,25505
1438,1,16838,27091
1439,1,16838,26473
1440,1,16838,26883
1441,1,16838,28110
1442,1,16838,26536
1443,1,16838,27767
1444,1,16838,28218
1445,1,16838,28182
1446,1,16838,29470
1447,1,16838,30099
1448,1,16838,31844
1449,1,16838,31652
1450,1,16838,33219
1451,1,16838,31154
1452,1,16838,31597
1453,1,16838,30885
1454,1,16838,31206
1455,1,16838,30374
1456,1,16838,32061
1457,1,16838,31991
1458,1,16838,30484
1459,1,16838,31439
1460,1,16838,32554
1461,1,16838,33656
1462,1,16838,34222
1463,1,16838,34352
1464,1,16838,35067
1465,1,16838,34821
1466,1,16838,33668
1467,1,16838,33700
1468,1,16838,34300
1469,1,16838,34766
1470,1,16838,36030
1471,1,16838,35236
1472,1,16838,36624
1473,1,16838,34162
1474,1,16838,33511
1475,1,16838,36174
1476,1,16838,36074
1477,1,16838,37446
1478,1,16838,37482
1479,1,16838,37194
1480,1,16838,37449
1481,1,16838,37665
1482,1,16838,38734
1483,1,16838,39533
1484,1,16838,39386
1485,1,16838,39309
1486,1,16838,39639
1487,1,16838,39737
1488,1,16838,39431
1489,1,16838,39055
1490,1,16838,38998
1491,1,16838,39871
1492,1,16838,40208
1493,1,16838,41058
1494,1,16838,41087
1495,1,16838,40906
1496,1,16838,39610
1497,1,16838,39169
1498,1,16838,38706
1499,1,16838,39429
1500,1,16838,37905
1501,1,16838,36648
1502,1,16838,35325
1503,1,16838,35203
1504,1,16838,35073
1505,1,16838,34130
1506,1,16838,33641
1507,1,16838,33544
1508,1,16838,34171
1509,1,16838,33859
1510,1,16838,34370
1511,1,16838,34702
1512,1,16838,35162
1513,1,16838,34610
1514,0,16838,36592
1515,0,16838,38547
1516,1,16838,32146
1517,1,16838,32341
1518,1,16838,33957
1519,1,16838,32500
1520,1,16838,32287
1521,1,16838,35567
1522,1,16838,36320
1523,1,16838,36288
1524,1,16838,35222
1525,1,16838,35901
1526,1,16838,36030
1527,1,16838,35642
1528,1,16838,35901
1529,1,16838,34147
1530,1,16838,31785
1531,1,16838,30863
1532,1,16838,31350
1533,1,16838,31263
1534,1,16838,31275
1535,1,16838,30798
1536,1,16838,30234
1537,1,16838,31688
1538,1,16838,30925
1539,1,16838,30814
1540,1,16838,32046
1541,1,16838,32315
1542,1,16838,30728
1543,1,16838,31265
1544,1,16838,31330
1545,1,16838,30555
1546,1,16838,29755
1547,1,16838,31004
1548,1,16838,32237
1549,1,16838,28603
1550,1,16838,57
1551,0,16838,60
1552,0,16838,62
1553,0,16838,62
1554,0,16838,56
1555,0,16838,58
1556,0,16838,54
1557,0,16838,56
1558,0,16838,59
1559,0,16838,56
1560,0,16838,53
1561,0,16838,50
1562,0,16838,54
1563,0,16838,54
1564,0,16838,49
1565,0,16838,47
1566,0,16838,50
1567,0,16838,51
1568,0,16838,49
1569,0,16838,48
1570,0,16838,50
1571,0,16838,50
1572,0,16838,49
1573,0,16838,47
1574,0,16838,49
1575,0,16838,50
1576,0,16838,48
1577,0,16838,45
1578,0,16838,46
1579,0,16838,45
1580,0,16838,45
1581,0,16838,43
1582,0,16838,48
1583,0,16838,46
1584,0,16838,44
1585,0,16838,45
1586,0,16838,44
1587,0,16838,46
1588,0,16838,43
1589,0,16838,45
1590,0,16838,44
1591,0,16838,44
1592,0,16838,45
1593,0,16838,48
1594,0,16838,47
1595,0,16838,45
1596,0,16838,45
1597,0,16838,44
1598,0,16838,44
1599,0,16838,46
1600,0,16838,47
1601,0,16838,47
1602,0,16838,44
1603,0,16838,49
1604,0,16838,46
1605,0,16838,49
1606,0,16838,43
1607,0,16838,46
1608,0,16838,48
1609,0,16838,45
1610,0,16838,44
1611,0,16838,47
1612,0,16838,47
1613,0,16838,48
1614,0,16838,47
1615,0,16838,46
1616,0,16838,47
1617,0,16838,49
1618,0,16838,49
1619,0,16838,48
1620,0,16838,51
1621,0,16838,52
1622,0,16838,53
1623,0,16838,53
1624,0,16838,53
1625,0,16838,53
1626,0,16838,55
1627,0,16838,54
1628,0,16838,57
1629,0,16838,54
1630,0,16838,53
1631,0,16838,54
1632,0,16838,57
1633,0,16838,59
1634,0,16838,59
1635,0,16838,58
1636,0,16838,58
1637,0,16838,57
1638,0,16838,56
1639,0,16838,56
1640,0,16838,57
1641,0,16838,57
1642,0,16838,60
1643,0,16838,60
1644,0,16838,65
1645,0,16838,59
1646,0,16838,63
1647,0,16838,67
1648,0,16838,61
1649,0,16838,65
1650,0,16838,66
1651,0,16838,67
1652,0,16838,68
1653,0,16838,66
1654,0,16838,67
1655,0,16838,64
1656,0,16838,67
1657,0,16838,71
1658,0,16838,76
1659,0,16838,69
1660,0,16838,76
1661,0,16838,74
1662,0,16838,73
1663,0,16838,72
1664,0,16838,73
1665,0,16838,74
1666,0,16838,73
1667,0,16838,74
1668,0,16838,74
1669,0,16838,71
1670,0,16838,72
1671,0,16838,75
1672,0,16838,75
1673,0,16838,75
1674,0,16838,82
1675,0,16838,85
1676,0,16838,75
1677,0,16838,82
1678,0,16838,74
1679,0,16838,83
1680,0,16838,87
1681,0,16838,85
1682,0,16838,84
1683,0,16838,83
1684,0,16838,84
1685,0,16838,83
1686,0,16838,83
1687,0,16838,79
1688,0,16838,81
1689,0,16838,92
1690,0,16838,85
1691,0,16838,91
1692,0,16838,85
1693,0,16838,91
1694,0,16838,98
1695,0,16838,96
1696,0,16838,90
1697,0,16838,97
1698,0,16838,95
1699,0,16838,96
1700,0,16838,91
1701,0,16838,94
1702,0,16838,95
1703,0,16838,91
1704,0,16838,94
1705,0,16838,99
1706,0,16838,94
1707,0,16838,92
1708,0,16838,95
1709,0,16838,97
1710,0,16838,98
1711,0,16838,98
1712,0,16838,95
1713,0,16838,92
1714,0,16838,94
1715,0,16838,104
1716,0,16838,99
1717,0,16838,93
1718,0,16838,109
1719,0,16838,94
1720,0,16838,96
1721,0,16838,105
1722,0,16838,105
1723,0,16838,99
1724,0,16838,102
1725,0,16838,106
1726,0,16838,112
1727,0,16838,114
1728,0,16838,110
1729,0,16838,111
1730,0,16838,110
1731,0,16838,107
1732,0,16838,104
1733,0,16838,113
1734,0,16838,114
1735,0,16838,114
1736,0,16838,114
1737,0,16838,114
1738,0,16838,110
1739,0,16838,112
1740,0,16838,106
1741,0,16838,107
1742,0,16838,112
1743,0,16838,111
1744,0,16838,108
1745,0,16838,109
1746,0,16838,112
1747,0,16838,107
1748,0,16838,112
1749,0,16838,119
1750,0,16838,112
1751,0,16838,113
1752,0,16838,116
1753,0,16838,111
1754,0,16838,124
1755,0,16838,123
1756,0,16838,108
1757,0,16838,107
1758,0,16838,123
1759,0,16838,115
1760,0,16838,126
1761,0,16838,117
1762,0,16838,122
1763,0,16838,127
1764,0,16838,123
1765,0,16838,120
1766,0,16838,122
1767,0,16838,118
1768,0,16838,120
1769,0,16838,124
1770,0,16838,119
1771,0,16838,116
1772,0,16838,113
1773,0,16838,128
1774,0,16838,115
1775,0,16838,120
1776,0,16838,122
1777,0,16838,121
1778,0,16838,123
1779,0,16838,122
1780,0,16838,119
1781,0,16838,121
1782,0,16838,130
1783,0,16838,122
1784,0,16838,136
1785,0,16838,138
1786,0,16838,134
1787,0,16838,132
1788,0,16838,134
1789,0,16838,128
1790,0,16838,119
1791,0,16838,135
1792,0,16838,137
1793,0,16838,136
1794,0,16838,134
1795,0,16838,136
1796,0,16838,136
1797,0,16838,130
1798,0,16838,127
1799,0,16838,131
1800,0,16838,136
1801,0,16838,132
1802,0,16838,145
1803,0,16838,138
1804,0,16838,137
1805,0,16838,135
1806,0,16838,140
1807,0,16838,135
1808,0,16838,144
1809,0,16838,140
1810,0,16838,145
1811,0,16838,142
1812,0,16838,132
1813,0,16838,142
1814,0,16838,149
1815,0,16838,151
1816,0,16838,154
1817,0,16838,145
1818,0,16838,150
1819,0,16838,149
1820,0,16838,136
1821,0,16838,132
1822,0,16838,133
1823,0,16838,139
1824,0,16838,129
1825,0,16838,132
1826,0,16838,142
1827,0,16838,150
1828,0,16838,139
1829,0,16838,147
1830,0,16838,141
1831,0,16838,135
1832,0,16838,141
1833,0,16838,149
1834,0,16838,142
1835,0,16838,135
1836,0,16838,141
1837,0,16838,131
1838,0,16838,134
1839,0,16838,145
1840,0,16838,131
1841,0,16838,142
1842,0,16838,148
1843,0,16838,137
1844,0,16838,140
1845,0,16838,137
1846,0,16838,134
1847,0,16838,142
1848,0,16838,145
1849,0,16838,134
1850,0,16838,134
1851,0,16838,135
1852,0,16838,130
1853,0,16838,129
1854,0,16838,128
1855,0,16838,125
1856,0,16838,139
1857,0,16838,139
1858,0,16838,135
1859,0,16838,138
1860,0,16838,138
1861,0,16838,138
1862,0,16838,138
1863,0,16838,137
1864,0,16838,134
1865,0,16838,125
1866,0,16838,126
1867,0,16838,147
1868,0,16838,147
1869,0,16838,133
1870,0,16838,136
1871,0,16838,131
1872,0,16838,151
1873,0,16838,136
1874,0,16838,133
1875,0,16838,140
1876,0,16838,146
1877,0,16838,135
1878,0,16838,141
1879,0,16838,127
1880,0,16838,139
1881,0,16838,142
1882,0,16838,143
1883,0,16838,144
1884,0,16838,144
1885,0,16838,137
1886,0,16838,141
1887,0,16838,142
1888,0,16838,138
1889,0,16838,144
1890,0,16838,144
1891,0,16838,146
1892,0,16838,148
1893,0,16838,146
1894,0,16838,140
1895,0,16838,137
1896,0,16838,140
1897,0,16838,148
1898,0,16838,134
1899,0,16838,143
1900,0,16838,139
1901,0,16838,123
1902,0,16838,139
1903,0,16838,134
1904,0,16838,136
1905,0,16838,124
1906,0,16838,133
1907,0,16838,133
1908,0,16838,139
1909,0,16838,137
1910,0,16838,138
1911,0,16838,141
1912,0,16838,142
1913,0,16838,145
1914,0,16838,134
1915,0,16838,143
1916,0,16838,142
1917,0,16838,138
1918,0,16838,135
1919,0,16838,130
1920,0,16838,133
1921,0,16838,136
1922,0,16838,136
1923,0,16838,133
1924,0,16838,133
1925,0,16838,134
1926,0,16838,144
1927,0,16838,138
1928,0,16838,139
1929,0,16838,133
1930,0,16838,135
1931,0,16838,135
1932,0,16838,134
1933,0,16838,131
1934,0,16838,131
1935,0,16838,135
1936,0,16838,135
1937,0,16838,131
1938,0,16838,142
1939,0,16838,135
1940,0,16838,135
1941,0,16838,132
1942,0,16838,146
1943,0,16838,149
1944,0,16838,146
1945,0,16838,142
1946,0,16838,145
1947,0,16838,149
1948,0,16838,138
1949,0,16838,143
1950,0,16838,141
1951,0,16838,142
1952,0,16838,142
1953,0,16838,140
1954,0,16838,138
1955,0,16838,135
1956,0,16838,137
1957,0,16838,141
1958,0,16838,145
1959,0,16838,146
1960,0,16838,145
1961,0,16838,141
1962,0,16838,138
1963,0,16838,137
1964,0,16838,137
1965,0,16838,136
1966,0,16838,137
1967,0,16838,143
1968,0,16838,137
1969,0,16838,137
1970,0,16838,133
1971,0,16838,137
1972,0,16838,134
1973,0,16838,136
1974,0,16838,137
1975,0,16838,136
1976,0,16838,138
1977,0,16838,134
1978,0,16838,134
1979,0,16838,135
1980,0,16838,132
1981,0,16838,136
1982,0,16838,140
1983,0,16838,132
1984,0,16838,131
1985,0,16838,129
1986,0,16838,136
1987,0,16838,133
1988,0,16838,134
1989,0,16838,140
1990,0,16838,135
1991,0,16838,142
1992,0,16838,143
1993,0,16838,143
1994,0,16838,145
1995,0,16838,138
1996,0,16838,138
1997,0,16838,131
1998,0,16838,139
1999,0,16838,133
2000,0,16838,134
2001,0,16838,137
2002,0,16838,135
2003,0,16838,133
2004,0,16838,137
2005,0,16838,133
2006,0,16838,131
2007,0,16838,129
2008,0,16838,131
2009,0,16838,131
2010,0,16838,132
2011,0,16838,131
2012,0,16838,130
2013,0,16838,137
2014,0,16838,136
2015,0,16838,147
2016,0,16838,136
2017,0,16838,131
2018,0,16838,152
2019,0,16838,146
2020,0,16838,144
2021,0,16838,132
2022,0,16838,149
2023,0,16838,149
2024,0,16838,130
2025,0,16838,147
2026,0,16838,143
2027,0,16838,148
2028,0,16838,148
2029,0,16838,149
2030,0,16838,150
2031,0,16838,150
2032,0,16838,149
2033,0,16838,149
2034,0,16838,142
2035,0,16838,148
2036,0,16838,145
2037,0,16838,141
2038,0,16838,140
2039,0,16838,145
2040,0,16838,153
2041,0,16838,148
2042,0,16838,147
2043,0,16838,147
2044,0,16838,150
2045,0,16838,150
2046,0,16838,148
2047,0,16838,147
2048,0,16838,145
2049,0,16838,143
2050,0,16838,141
2051,0,16838,143
2052,0,16838,142
2053,0,16838,143
2054,0,16838,147
2055,0,16838,152
2056,0,16838,152
2057,0,16838,144
2058,0,16838,148
2059,0,16838,143
2060,0,16838,141
2061,0,16838,148
2062,0,16838,150
2063,0,16838,157
2064,0,16838,147
2065,0,16838,143
2066,0,16838,156
2067,0,16838,143
2068,0,16838,140
2069,0,16838,140
2070,0,16838,138
2071,0,16838,151
2072,0,16838,143
2073,0,16838,143
2074,0,16838,147
2075,0,16838,150
2076,0,16838,144
2077,0,16838,138
2078,0,16838,143
2079,0,16838,144
2080,0,16838,145
2081,0,16838,142
2082,0,16838,149
2083,0,16838,145
2084,0,16838,143
2085,0,16838,141
2086,0,16838,141
2087,0,16838,139
2088,0,16838,151
2089,0,16838,143
2090,0,16838,150
2091,0,16838,149
2092,0,16838,152
2093,0,16838,143
2094,0,16838,145
2095,0,16838,145
2096,0,16838,140
2097,0,16838,144
2098,0,16838,141
2099,0,16838,142
2100,0,16838,144
2101,0,16838,143
2102,0,16838,142
2103,0,16838,151
2104,0,16838,162
2105,0,16838,151
2106,0,16838,157
2107,0,16838,157
2108,0,16838,155
2109,0,16838,159
2110,0,16838,159
2111,0,16838,163
2112,0,16838,162
2113,0,16838,160
2114,0,16838,155
2115,0,16838,168
2116,0,16838,160
2117,0,16838,154
2118,0,16838,158
2119,0,16838,159
2120,0,16838,157
2121,0,16838,154
2122,0,16838,164
2123,0,16838,153
2124,0,16838,161
2125,0,16838,156
2126,0,16838,160
2127,0,16838,151
2128,0,16838,151
2129,0,16838,168
2130,0,16838,158
2131,0,16838,157
2132,0,16838,159
2133,0,16838,152
2134,0,16838,157
2135,0,16838,162
2136,0,16838,155
2137,0,16838,176
2138,0,16838,162
2139,0,16838,170
2140,0,16838,178
2141,0,16838,172
2142,0,16838,173
2143,0,16838,176
2144,0,16838,164
2145,0,16838,164
2146,0,16838,171
2147,0,16838,161
2148,0,16838,159
2149,0,16838,158
2150,0,16838,153
2151,0,16838,156
2152,0,16838,156
2153,0,16838,160
2154,0,16838,159
2155,0,16838,171
2156,0,16838,165
2157,0,16838,156
2158,0,16838,173
2159,0,16838,154
2160,0,16838,158
2161,0,16838,170
2162,0,16838,176
2163,0,16838,152
2164,0,16838,152
2165,0,16838,157
2166,0,16838,169
2167,0,16838,157
2168,0,16838,177
2169,0,16838,171
2170,0,16838,168
2171,0,16838,174
2172,0,16838,172
2173,0,16838,170
2174,0,16838,170
2175,0,16838,174
2176,0,16838,179
2177,0,16838,175
2178,0,16838,172
2179,0,16838,156
2180,0,16838,176
2181,0,16838,177
2182,0,16838,176
2183,0,16838,175
2184,0,16838,171
2185,0,16838,170
2186,0,16838,169
2187,0,16838,155
2188,0,16838,154
2189,0,16838,159
2190,0,16838,171
2191,0,16838,171
2192,0,16838,167
2193,0,16838,173
2194,0,16838,173
2195,0,16838,173
2196,0,16838,156
2197,0,16838,171
2198,0,16838,158
2199,0,16838,170
2200,0,16838,168
2201,0,16838,154
2202,0,16838,142
2203,0,16838,160
2204,0,16838,153
2205,0,16838,158
2206,0,16838,164
2207,0,16838,164
2208,0,16838,162
2209,0,16838,153
2210,0,16838,156
2211,0,16838,156
2212,0,16838,149
2213,0,16838,160
2214,0,16838,162
2215,0,16838,158
2216,0,16838,156
2217,0,16838,156
2218,0,16838,156
2219,0,16838,165
2220,0,16838,157
2221,0,16838,156
2222,0,16838,157
2223,0,16838,143
2224,0,16838,140
2225,0,16838,158
2226,0,16838,151
2227,0,16838,150
2228,0,16838,151
2229,0,16838,152
2230,0,16838,156
2231,0,16838,164
2232,0,16838,162
2233,0,16838,160
2234,0,16838,150
2235,0,16838,147
2236,0,16838,159
2237,0,16838,156
2238,0,16838,140
2239,0,16838,155
2240,0,16838,135
2241,0,16838,154
2242,0,16838,159
2243,0,16838,146
2244,0,16838,156
2245,0,16838,153
2246,0,16838,153
2247,0,16838,158
2248,0,16838,150
2249,0,16838,159
2250,0,16838,159
2251,0,16838,161
2252,0,16838,153
2253,0,16838,150
2254,0,16838,149
2255,0,16838,151
2256,0,16838,157
2257,0,16838,157
2258,0,16838,164
2259,0,16838,158
2260,0,16838,172
2261,0,16838,147
2262,0,16838,149
2263,0,16838,151
2264,0,16838,174
2265,0,16838,154
2266,0,16838,156
2267,0,16838,164
2268,0,16838,158
2269,0,16838,154
2270,0,16838,173
2271,0,16838,163
2272,0,16838,152
2273,0,16838,170
2274,0,16838,147
2275,0,16838,157
2276,0,16838,154
2277,0,16838,149
2278,0,16838,148
2279,0,16838,160
2280,0,16838,175
2281,0,16838,156
2282,0,16838,156
2283,0,16838,154
2284,0,16838,157
2285,0,16838,164
2286,0,16838,155
2287,0,16838,165
2288,0,16838,157
2289,0,16838,162
2290,0,16838,165
2291,0,16838,167
2292,0,16838,165
2293,0,16838,155
2294,0,16838,166
2295,0,16838,170
2296,0,16838,165
2297,0,16838,169
2298,0,16838,165
2299,0,16838,166
2300,0,16838,162
2301,0,16838,160
2302,0,16838,164
2303,0,16838,166
2304,0,16838,168
2305,0,16838,159
2306,0,16838,159
2307,0,16838,168
2308,0,16838,166
2309,0,16838,162
2310,0,16838,164
2311,0,16838,165
2312,0,16838,164
2313,0,16838,160
2314,0,16838,149
2315,0,16838,145
2316,0,16838,165
2317,0,16838,162
2318,0,16838,160
2319,0,16838,157
2320,0,16838,148
2321,0,16838,158
2322,0,16838,166
2323,0,16838,178
2324,0,16838,157
2325,0,16838,172
2326,0,16838,164
2327,0,16838,171
2328,0,16838,170
2329,0,16838,153
2330,0,16838,164
2331,0,16838,152
2332,0,16838,158
2333,0,16838,167
2334,0,16838,159
2335,0,16838,158
2336,0,16838,158
2337,0,16838,159
2338,0,16838,157
2339,0,16838,160
2340,0,16838,157
2341,0,16838,166
2342,0,16838,153
2343,0,16838,155
2344,0,16838,153
2345,0,16838,162
2346,0,16838,158
2347,0,16838,156
2348,0,16838,155
2349,0,16838,154
2350,0,16838,155
2351,0,16838,160
2352,0,16838,154
2353,0,16838,153
2354,0,16838,153
2355,0,16838,157
2356,0,16838,172
2357,0,16838,171
2358,0,16838,161
2359,0,16838,157
2360,0,16838,157
2361,0,16838,159
2362,0,16838,163
2363,0,16838,158
2364,0,16838,167
2365,0,16838,165
2366,0,16838,166
2367,0,16838,165
2368,0,16838,155
2369,0,16838,166
2370,0,16838,156
2371,0,16838,161
2372,0,16838,162
2373,0,16838,162
2374,0,16838,166
2375,0,16838,163
2376,0,16838,162
2377,0,16838,170
2378,0,16838,169
2379,0,16838,156
2380,0,16838,160
2381,0,16838,166
2382,0,16838,147
2383,0,16838,155
2384,0,16838,148
2385,0,16838,151
2386,0,16838,155
2387,0,16838,168
2388,0,16838,163
2389,0,16838,155
2390,0,16838,156
2391,0,16838,157
2392,0,16838,163
2393,0,16838,159
2394,0,16838,145
2395,0,16838,149
2396,0,16838,143
2397,0,16838,148
2398,0,16838,132
2399,0,16838,137
2400,0,16838,140
2401,0,16838,140
2402,0,16838,138
2403,0,16838,142
2404,0,16838,142
2405,0,16838,140
2406,0,16838,138
2407,0,16838,139
2408,0,16838,128
2409,0,16838,128
2410,0,16838,136
2411,0,16838,130
2412,0,16838,140
2413,0,16838,125
2414,0,16838,141
2415,0,16838,143
2416,0,16838,129
2417,0,16838,133
2418,0,16838,128
2419,0,16838,127
2420,0,16838,123
2421,0,16838,139
2422,0,16838,151
2423,0,16838,152
2424,0,16838,158
2425,0,16838,154
2426,0,16838,147
2427,0,16838,144
2428,0,16838,149
2429,0,16838,148
2430,0,16838,162
2431,0,16838,149
2432,0,16838,147
2433,0,16838,147
2434,0,16838,148
2435,0,16838,147
2436,0,16838,148
2437,0,16838,137
2438,0,16838,146
2439,0,16838,171
2440,0,16838,135
2441,0,16838,126
2442,0,16838,146
2443,0,16838,150
2444,0,16838,153
2445,0,16838,131
2446,0,16838,141
2447,0,16838,133
2448,0,16838,127
2449,0,16838,128
2450,0,16838,132
2451,0,16838,131
2452,0,16838,130
2453,0,16838,160
2454,0,16838,146
2455,0,16838,127
2456,0,16838,131
2457,0,16838,132
2458,0,16838,141
2459,0,16838,138
2460,0,16838,142
2461,0,16838,151
2462,0,16838,140
2463,0,16838,124
2464,0,16838,122
2465,0,16838,129
2466,0,16838,122
2467,0,16838,128
2468,0,16838,130
2469,0,16838,121
2470,0,16838,124
2471,0,16838,142
2472,0,16838,145
2473,0,16838,127
2474,0,16838,133
2475,0,16838,130
2476,0,16838,127
2477,0,16838,129
2478,0,16838,136
2479,0,16838,148
2480,0,16838,148
2481,0,16838,115
2482,0,16838,115
2483,0,16838,103
2484,0,16838,112
2485,0,16838,106
2486,0,16838,107
2487,0,16838,113
2488,0,16838,105
2489,0,16838,107
2490,0,16838,127
2491,0,16838,146
2492,0,16838,131
2493,0,16838,110
2494,0,16838,113
2495,0,16838,113
2496,0,16838,112
2497,0,16838,119
2498,0,16838,130
2499,0,16838,118
2500,0,16838,110
2501,0,16838,138
2502,0,16838,154
2503,0,16838,161
2504,0,16838,154
2505,0,16838,150
2506,0,16838,136
2507,0,16838,127
2508,0,16838,134
2509,0,16838,131
2510,0,16838,156
2511,0,16838,173
2512,0,16838,177
2513,0,16838,157
2514,0,16838,137
2515,0,16838,136
2516,0,16838,157
2517,0,16838,139
2518,0,16838,131
2519,0,16838,160
2520,0,16838,184
2521,0,16838,189
2522,0,16838,167
2523,0,16838,185
2524,0,16838,204
2525,0,16838,210
2526,0,16838,167
2527,0,16838,144
2528,0,16838,144
2529,0,16838,193
2530,0,16838,260
2531,0,16838,153
2532,0,16838,207
2533,0,16838,210
2534,0,16838,203
2535,0,16838,203
2536,0,16838,222
2537,0,16838,227
2538,0,16838,205
2539,0,16838,198
2540,0,16838,188
2541,0,16838,180
2542,0,16838,179
2543,0,16838,274
2544,0,16838,215
2545,0,16838,203
2546,0,16838,273
2547,0,16838,292
2548,0,16838,249
2549,0,16838,305
2550,0,16838,333
2551,0,16838,252
2552,0,16838,363
2553,0,16838,490
2554,0,16838,695
2555,0,16838,588
2556,0,16838,986
2557,0,16838,2644
2558,0,16838,17639
2559,0,16838,19885
2560,0,16838,4501
2561,0,16838,1990
2562,0,16838,1142
2563,0,16838,1630
2564,0,16838,2788
2565,0,16838,1766
2566,0,16838,486
2567,0,16838,345
2568,0,16838,401
2569,0,16838,463
2570,0,16838,684
2571,0,16838,885
2572,0,16838,451
2573,0,16838,527
2574,0,16838,411
2575,0,16838,457
2576,0,16838,1243
2577,0,16838,188
2578,0,16838,138
2579,0,16838,148
2580,0,16838,117
2581,0,16838,99
2582,0,16838,95
2583,0,16838,98
2584,0,16838,111
2585,0,16838,115
2586,0,16838,122
2587,0,16838,137
2588,0,16838,221
2589,0,16838,711
2590,0,16838,1835
2591,0,16838,392
2592,0,16838,275
2593,0,16838,212
2594,0,16838,167
2595,0,16838,161
2596,0,16838,136
2597,0,16838,118
2598,0,16838,132
2599,0,16838,118
2600,0,16838,124
2601,0,16838,107
2602,0,16838,122
2603,0,16838,132
2604,0,16838,108
2605,0,16838,125
2606,0,16838,138
2607,0,16838,154
2608,0,16838,196
2609,0,16838,298
2610,0,16838,355
2611,0,16838,488
2612,0,16838,471
2613,0,16838,552
2614,0,16838,961
2615,0,16838,841
2616,0,16838,1175
2617,0,16838,1092
2618,0,16838,22920
2619,0,16838,1232
2620,0,16838,550
2621,0,16838,553
2622,0,16838,933
2623,0,16838,6650
2624,0,16838,1262
2625,0,16838,1313
2626,0,16838,253
2627,0,16838,259
2628,0,16838,211
2629,0,16838,144
2630,0,16838,157
2631,0,16838,307
2632,0,16838,338
2633,0,16838,281
2634,0,16838,208
2635,0,16838,172
2636,0,16838,176
2637,0,16838,123
2638,0,16838,108
2639,0,16838,164
2640,0,16838,153
2641,0,16838,623
2642,0,16838,1829
2643,0,16838,185
2644,0,16838,120
2645,0,16838,115
2646,0,16838,93
2647,0,16838,94
2648,0,16838,108
2649,0,16838,103
2650,0,16838,80
2651,0,16838,83
2652,0,16838,95
2653,0,16838,90
2654,0,16838,101
2655,0,16838,102
2656,0,16838,102
2657,0,16838,108
2658,0,16838,87
2659,0,16838,122
2660,0,16838,121
2661,0,16838,120
2662,0,16838,121
2663,0,16838,153
2664,0,16838,167
2665,0,16838,125
2666,0,16838,144
2667,0,16838,137
2668,0,16838,168
2669,0,16838,152
2670,0,16838,172
2671,0,16838,178
2672,0,16838,252
2673,0,16838,360
2674,0,16838,499
2675,0,16838,329
2676,0,16838,381
2677,0,16838,335
2678,0,16838,412
2679,0,16838,322
2680,0,16838,474
2681,0,16838,394
2682,0,16838,811
2683,0,16838,336
2684,0,16838,2213
2685,0,16838,1431
2686,0,16838,1143
2687,0,16838,496
2688,0,16838,749
2689,0,16838,1573
2690,0,16838,5532
2691,0,16838,1585
2692,0,16838,689
2693,0,16838,1867
2694,0,16838,928
2695,0,16838,321
2696,0,16838,252
2697,0,16838,195
2698,0,16838,160
2699,0,16838,126
2700,0,16838,108
2701,0,16838,100
2702,0,16838,98
2703,0,16838,136
2704,0,16838,112
2705,0,16838,102
2706,0,16838,130
2707,0,16838,96
2708,0,16838,107
2709,0,16838,119
2710,0,16838,127
2711,0,16838,106
2712,0,16838,122
2713,0,16838,154
2714,0,16838,141
2715,0,16838,177
2716,0,16838,175
2717,0,16838,158
2718,0,16838,170
2719,0,16838,188
2720,0,16838,191
2721,0,16838,230
2722,0,16838,159
2723,0,16838,209
2724,0,16838,199
2725,0,16838,153
2726,0,16838,206
2727,0,16838,255
2728,0,16838,242
2729,0,16838,188
2730,0,16838,182
2731,0,16838,146
2732,0,16838,149
2733,0,16838,152
2734,0,16838,164
2735,0,16838,137
2736,0,16838,133
2737,0,16838,146
2738,0,16838,128
2739,0,16838,128
2740,0,16838,137
2741,0,16838,103
2742,0,16838,104
2743,0,16838,134
2744,0,16838,142
2745,0,16838,125
2746,0,16838,130
2747,0,16838,131
2748,0,16838,144
2749,0,16838,141
2750,0,16838,153
2751,0,16838,156
2752,0,16838,109
2753,0,16838,134
2754,0,16838,147
2755,0,16838,144
2756,0,16838,142
2757,0,16838,111
2758,0,16838,106
2759,0,16838,141
2760,0,16838,158
2761,0,16838,159
2762,0,16838,165
2763,0,16838,164
2764,0,16838,165
2765,0,16838,130
2766,0,16838,176
2767,0,16838,178
2768,0,16838,182
2769,0,16838,228
2770,0,16838,209
2771,0,16838,207
2772,0,16838,203
2773,0,16838,192
2774,0,16838,191
2775,0,16838,148
2776,0,16838,157
2777,0,16838,179
2778,0,16838,172
2779,0,16838,179
2780,0,16838,185
2781,0,16838,179
2782,0,16838,177
2783,0,16838,134
2784,0,16838,134
2785,0,16838,135
2786,0,16838,157
2787,0,16838,189
2788,0,16838,174
2789,0,16838,203
2790,0,16838,207
2791,0,16838,218
2792,0,16838,230
2793,0,16838,259
2794,0,16838,189
2795,0,16838,219
2796,0,16838,202
2797,0,16838,290
2798,0,16838,221
2799,0,16838,218
2800,0,16838,222
2801,0,16838,229
2802,0,16838,231
2803,0,16838,190
2804,0,16838,170
2805,0,16838,211
2806,0,16838,188
2807,0,16838,155
2808,0,16838,200
2809,0,16838,184
2810,0,16838,196
2811,0,16838,195
2812,0,16838,211
2813,0,16838,194
2814,0,16838,190
2815,0,16838,197
2816,0,16838,199
2817,0,16838,204
2818,0,16838,209
2819,0,16838,208
2820,0,16838,208
2821,0,16838,203
2822,0,16838,164
2823,0,16838,182
2824,0,16838,214
2825,0,16838,219
2826,0,16838,219
2827,0,16838,301
2828,0,16838,290
2829,0,16838,377
2830,0,16838,381
2831,0,16838,313
2832,0,16838,342
2833,0,16838,302
2834,0,16838,251
2835,0,16838,242
2836,0,16838,242
2837,0,16838,219
2838,0,16838,230
2839,0,16838,224
2840,0,16838,227
2841,0,16838,228
2842,0,16838,180
2843,0,16838,187
2844,0,16838,186
2845,0,16838,187
2846,0,16838,236
2847,0,16838,267
2848,0,16838,191
2849,0,16838,227
2850,0,16838,225
2851,0,16838,220
2852,0,16838,228
2853,0,16838,238
2854,0,16838,231
2855,0,16838,230
2856,0,16838,230
2857,0,16838,216
2858,0,16838,222
2859,0,16838,218
2860,0,16838,225
2861,0,16838,211
2862,0,16838,242
2863,0,16838,176
2864,0,16838,201
2865,0,16838,212
2866,0,16838,249
2867,0,16838,192
2868,0,16838,207
2869,0,16838,238
2870,0,16838,230
2871,0,16838,237
2872,0,16838,176
2873,0,16838,284
2874,0,16838,179
2875,0,16838,208
2876,0,16838,166
2877,0,16838,159
2878,0,16838,158
2879,0,16838,173
2880,0,16838,166
2881,0,16838,241
2882,0,16838,246
2883,0,16838,198
2884,0,16838,167
2885,0,16838,151
2886,0,16838,198
2887,0,16838,199
2888,0,16838,179
2889,0,16838,163
2890,0,16838,152
2891,0,16838,150
2892,0,16838,189
2893,0,16838,164
2894,0,16838,191
2895,0,16838,173
2896,0,16838,187
2897,0,16838,249
2898,0,16838,202
2899,0,16838,177
2900,0,16838,188
2901,0,16838,193
2902,0,16838,191
2903,0,16838,193
2904,0,16838,191
2905,0,16838,186
2906,0,16838,177
2907,0,16838,193
2908,0,16838,187
2909,0,16838,182
2910,0,16838,173
2911,0,16838,138
2912,0,16838,161
2913,0,16838,167
2914,0,16838,149
2915,0,16838,169
2916,0,16838,161
2917,0,16838,179
2918,0,16838,159
2919,0,16838,130
2920,0,16838,145
2921,0,16838,134
2922,0,16838,142
2923,0,16838,142
2924,0,16838,140
2925,0,16838,162
2926,0,16838,146
2927,0,16838,153
2928,0,16838,163
2929,0,16838,144
2930,0,16838,162
2931,0,16838,150
2932,0,16838,166
2933,0,16838,161
2934,0,16838,163
2935,0,16838,164
2936,0,16838,150
2937,0,16838,163
2938,0,16838,144
2939,0,16838,162
2940,0,16838,161
2941,0,16838,162
2942,0,16838,168
2943,0,16838,147
2944,0,16838,166
2945,0,16838,146
2946,0,16838,169
2947,0,16838,167
2948,0,16838,170
2949,0,16838,170
2950,0,16838,172
2951,0,16838,171
2952,0,16838,165
2953,0,16838,165
2954,0,16838,171
2955,0,16838,173
2956,0,16838,170
2957,0,16838,131
2958,0,16838,127
2959,0,16838,142
2960,0,16838,137
2961,0,16838,132
2962,0,16838,148
2963,0,16838,131
2964,0,16838,132
2965,0,16838,147
2966,0,16838,151
2967,0,16838,138
2968,0,16838,135
2969,0,16838,134
2970,0,16838,141
2971,0,16838,133
2972,0,16838,153
2973,0,16838,153
2974,0,16838,150
2975,0,16838,150
2976,0,16838,148
2977,0,16838,150
2978,0,16838,148
2979,0,16838,151
2980,0,16838,152
2981,0,16838,148
2982,0,16838,150
2983,0,16838,153
2984,0,16838,149
2985,0,16838,149
2986,0,16838,144
2987,0,16838,142
2988,0,16838,156
2989,0,16838,148
2990,0,16838,167
2991,0,16838,147
2992,0,16838,164
2993,0,16838,151
2994,0,16838,156
2995,0,16838,148
2996,0,16838,157
2997,0,16838,178
2998,0,16838,168
2999,0,16838,167
3000,0,16838,170
3001,0,16838,167
3002,0,16838,165
3003,0,16838,174
3004,0,16838,170
3005,0,16838,164
3006,0,16838,170
3007,0,16838,174
3008,0,16838,163
3009,0,16838,157
3010,0,16838,173
3011,0,16838,174
3012,0,16838,161
3013,0,16838,165
3014,0,16838,158
3015,0,16838,179
3016,0,16838,162
3017,0,16838,163
3018,0,16838,161
3019,0,16838,166
3020,0,16838,167
3021,0,16838,169
3022,0,16838,158
3023,0,16838,164
3024,0,16838,156
3025,0,16838,176
3026,0,16838,162
3027,0,16838,171
3028,0,16838,154
3029,0,16838,153
3030,0,16838,154
3031,0,16838,163
3032,0,16838,163
3033,0,16838,163
3034,0,16838,158
3035,0,16838,167
3036,0,16838,154
3037,0,16838,157
3038,0,16838,165
3039,0,16838,170
3040,0,16838,159
3041,0,16838,182
3042,0,16838,170
3043,0,16838,156
3044,0,16838,158
3045,0,16838,170
3046,0,16838,158
3047,0,16838,171
3048,0,16838,156
3049,0,16838,169
3050,0,16838,164
3051,0,16838,178
3052,0,16838,168
3053,0,16838,159
3054,0,16838,162
3055,0,16838,170
3056,0,16838,153
3057,0,16838,163
3058,0,16838,179
3059,0,16838,157
3060,0,16838,175
3061,0,16838,168
3062,0,16838,174
3063,0,16838,177
3064,0,16838,181
3065,0,16838,186
3066,0,16838,184
3067,0,16838,187
3068,0,16838,192
3069,0,16838,192
3070,0,16838,172
3071,0,16838,181
3072,0,16838,181
3073,0,16838,166
3074,0,16838,171
3075,0,16838,174
3076,0,16838,172
3077,0,16838,163
3078,0,16838,157
3079,0,16838,172
3080,0,16838,166
3081,0,16838,163
3082,0,16838,157
3083,0,16838,161
3084,0,16838,172
3085,0,16838,167
3086,0,16838,158
3087,0,16838,166
3088,0,16838,153
3089,0,16838,167
3090,0,16838,169
3091,0,16838,170
3092,0,16838,180
3093,0,16838,170
3094,0,16838,163
3095,0,16838,163
3096,0,16838,154
3097,0,16838,154
3098,0,16838,153
3099,0,16838,150
3100,0,16838,150
3101,0,16838,147
3102,0,16838,147
3103,0,16838,148
3104,0,16838,160
3105,0,16838,146
3106,0,16838,172
3107,0,16838,173
3108,0,16838,164
3109,0,16838,164
3110,0,16838,154
3111,0,16838,164
3112,0,16838,165
3113,0,16838,160
3114,0,16838,170
3115,0,16838,179
3116,0,16838,179
3117,0,16838,180
3118,0,16838,179
3119,0,16838,164
3120,0,16838,175
3121,0,16838,178
3122,0,16838,171
3123,0,16838,174
3124,0,16838,172
3125,0,16838,170
3126,0,16838,185
3127,0,16838,180
3128,0,16838,175
3129,0,16838,167
3130,0,16838,166
3131,0,16838,171
3132,0,16838,165
3133,0,16838,169
3134,0,16838,167
3135,0,16838,167
3136,0,16838,170
3137,0,16838,169
3138,0,16838,167
3139,0,16838,168
3140,0,16838,162
3141,0,16838,171
3142,0,16838,166
3143,0,16838,166
3144,0,16838,167
3145,0,16838,168
3146,0,16838,165
3147,0,16838,164
3148,0,16838,173
3149,0,16838,173
3150,0,16838,175
3151,0,16838,173
3152,0,16838,173
3153,0,16838,175
3154,0,16838,171
3155,0,16838,170
3156,0,16838,167
3157,0,16838,173
3158,0,16838,169
3159,0,16838,171
3160,0,16838,172
3161,0,16838,161
3162,0,16838,171
3163,0,16838,163
3164,0,16838,174
3165,0,16838,174
3166,0,16838,173
3167,0,16838,171
3168,0,16838,175
3169,0,16838,183
3170,0,16838,178
3171,0,16838,164
3172,0,16838,169
3173,0,16838,159
3174,0,16838,152
3175,0,16838,155
3176,0,16838,154
3177,0,16838,167
3178,0,16838,171
3179,0,16838,155
3180,0,16838,160
3181,0,16838,154
3182,0,16838,153
3183,0,16838,154
3184,0,16838,149
3185,0,16838,151
3186,0,16838,156
3187,0,16838,154
3188,0,16838,155
3189,0,16838,155
3190,0,16838,163
3191,0,16838,159
3192,0,16838,154
3193,0,16838,155
3194,0,16838,155
3195,0,16838,158
3196,0,16838,176
3197,0,16838,176
3198,0,16838,175
3199,0,16838,174
3200,0,16838,176
3201,0,16838,172
3202,0,16838,166
3203,0,16838,174
3204,0,16838,163
3205,0,16838,188
3206,0,16838,189
3207,0,16838,170
3208,0,16838,185
3209,0,16838,190
3210,0,16838,184
3211,0,16838,195
3212,0,16838,193
3213,0,16838,188
3214,0,16838,184
3215,0,16838,182
3216,0,16838,180
3217,0,16838,178
3218,0,16838,176
3219,0,16838,184
3220,0,16838,187
3221,0,16838,190
3222,0,16838,191
3223,0,16838,198
3224,0,16838,171
3225,0,16838,181
3226,0,16838,200
3227,0,16838,196
3228,0,16838,193
3229,0,16838,195
3230,0,16838,193
3231,0,16838,186
3232,0,16838,192
3233,0,16838,191
3234,0,16838,165
3235,0,16838,156
3236,0,16838,164
3237,0,16838,168
3238,0,16838,162
3239,0,16838,165
3240,0,16838,165
3241,0,16838,168
3242,0,16838,167
3243,0,16838,157
3244,0,16838,161
3245,0,16838,162
3246,0,16838,161
3247,0,16838,165
3248,0,16838,165
3249,0,16838,169
3250,0,16838,169
3251,0,16838,161
3252,0,16838,164
3253,0,16838,161
3254,0,16838,161
3255,0,16838,165
3256,0,16838,161
3257,0,16838,163
3258,0,16838,158
3259,0,16838,177
3260,0,16838,177
3261,0,16838,167
3262,0,16838,163
3263,0,16838,168
3264,0,16838,168
3265,0,16838,168
3266,0,16838,159
3267,0,16838,159
3268,0,16838,165
3269,0,16838,168
3270,0,16838,173
3271,0,16838,172
3272,0,16838,165
3273,0,16838,168
3274,0,16838,162
3275,0,16838,172
3276,0,16838,168
3277,0,16838,147
3278,0,16838,146
3279,0,16838,149
3280,0,16838,154
3281,0,16838,150
3282,0,16838,152
3283,0,16838,150
3284,0,16838,148
3285,0,16838,149
3286,0,16838,145
3287,0,16838,150
3288,0,16838,150
3289,0,16838,150
3290,0,16838,148
3291,0,16838,144
3292,0,16838,143
3293,0,16838,143
3294,0,16838,141
3295,0,16838,144
3296,0,16838,146
3297,0,16838,146
3298,0,16838,146
3299,0,16838,151
3300,0,16838,149
3301,0,16838,151
3302,0,16838,144
3303,0,16838,161
3304,0,16838,143
3305,0,16838,146
3306,0,16838,146
3307,0,16838,151
3308,0,16838,155
3309,0,16838,151
3310,0,16838,156
3311,0,16838,144
3312,0,16838,156
3313,0,16838,155
3314,0,16838,148
3315,0,16838,150
3316,0,16838,150
3317,0,16838,152
3318,0,16838,146
3319,0,16838,147
3320,0,16838,153
3321,0,16838,154
3322,0,16838,161
3323,0,16838,153
3324,0,16838,150
3325,0,16838,154
3326,0,16838,158
3327,0,16838,156
3328,0,16838,157
3329,0,16838,158
3330,0,16838,157
3331,0,16838,152
3332,0,16838,148
3333,0,16838,157
3334,0,16838,155
3335,0,16838,159
3336,0,16838,155
3337,0,16838,156
3338,0,16838,161
3339,0,16838,150
3340,0,16838,150
3341,0,16838,151
3342,0,16838,157
3343,0,16838,176
3344,0,16838,170
3345,0,16838,172
3346,0,16838,180
3347,0,16838,156
3348,0,16838,158
3349,0,16838,160
3350,0,16838,171
3351,0,16838,147
3352,0,16838,160
3353,0,16838,153
3354,0,16838,174
3355,0,16838,155
3356,0,16838,176
3357,0,16838,174
3358,0,16838,156
3359,0,16838,151
3360,0,16838,151
3361,0,16838,153
3362,0,16838,147
3363,0,16838,148
3364,0,16838,155
3365,0,16838,151
3366,0,16838,152
3367,0,16838,157
3368,0,16838,152
3369,0,16838,156
3370,0,16838,157
3371,0,16838,164
3372,0,16838,175
3373,0,16838,162
3374,0,16838,162
3375,0,16838,158
3376,0,16838,159
3377,0,16838,161
3378,0,16838,168
3379,0,16838,168
3380,0,16838,165
3381,0,16838,161
3382,0,16838,156
3383,0,16838,150
3384,0,16838,156
3385,0,16838,162
3386,0,16838,172
3387,0,16838,174
3388,0,16838,159
3389,0,16838,148
3390,0,16838,175
3391,0,16838,179
3392,0,16838,183
3393,0,16838,182
3394,0,16838,174
3395,0,16838,188
3396,0,16838,174
3397,0,16838,164
3398,0,16838,160
3399,0,16838,184
3400,0,16838,191
3401,0,16838,187
3402,0,16838,185
3403,0,16838,188
3404,0,16838,188
3405,0,16838,185
3406,0,16838,180
3407,0,16838,183
3408,0,16838,187
3409,0,16838,187
3410,0,16838,199
3411,0,16838,172
3412,0,16838,170
3413,0,16838,181
3414,0,16838,181
3415,0,16838,179
3416,0,16838,184
3417,0,16838,185
3418,0,16838,187
3419,0,16838,184
3420,0,16838,184
3421,0,16838,174
3422,0,16838,175
3423,0,16838,173
3424,0,16838,183
3425,0,16838,168
3426,0,16838,166
3427,0,16838,167
3428,0,16838,176
3429,0,16838,162
3430,0,16838,165
3431,0,16838,170
3432,0,16838,170
3433,0,16838,163
3434,0,16838,157
3435,0,16838,163
3436,0,16838,164
3437,0,16838,168
3438,0,16838,170
3439,0,16838,171
3440,0,16838,168
3441,0,16838,165
3442,0,16838,161
3443,0,16838,161
3444,0,16838,161
3445,0,16838,162
3446,0,16838,164
3447,0,16838,162
3448,0,16838,173
3449,0,16838,175
3450,0,16838,174
3451,0,16838,171
3452,0,16838,171
3453,0,16838,170
3454,0,16838,176
3455,0,16838,168
3456,0,16838,166
3457,0,16838,166
3458,0,16838,173
3459,0,16838,176
3460,0,16838,187
3461,0,16838,183
3462,0,16838,174
3463,0,16838,168
3464,0,16838,164
3465,0,16838,169
3466,0,16838,165
3467,0,16838,170
3468,0,16838,195
3469,0,16838,180
3470,0,16838,197
3471,0,16838,189
3472,0,16838,205
3473,0,16838,180
3474,0,16838,184
3475,0,16838,194
3476,0,16838,187
3477,0,16838,195
3478,0,16838,202
3479,0,16838,202
3480,0,16838,190
3481,0,16838,196
3482,0,16838,207
3483,0,16838,202
3484,0,16838,180
3485,0,16838,184
3486,0,16838,179
3487,0,16838,193
3488,0,16838,181
3489,0,16838,173
3490,0,16838,180
3491,0,16838,181
3492,0,16838,177
3493,0,16838,178
3494,0,16838,173
3495,0,16838,179
3496,0,16838,183
3497,0,16838,186
3498,0,16838,178
3499,0,16838,187
3500,0,16838,187
3501,0,16838,180
3502,0,16838,175
3503,0,16838,170
3504,0,16838,177
3505,0,16838,190
3506,0,16838,191
3507,0,16838,176
3508,0,16838,176
3509,0,16838,182
3510,0,16838,188
3511,0,16838,175
3512,0,16838,181
3513,0,16838,176
3514,0,16838,189
3515,0,16838,190
3516,0,16838,174
3517,0,16838,181
3518,0,16838,193
3519,0,16838,167
3520,0,16838,163
3521,0,16838,163
3522,0,16838,178
3523,0,16838,179
3524,0,16838,169
3525,0,16838,184
3526,0,16838,182
3527,0,16838,175
3528,0,16838,182
3529,0,16838,181
3530,0,16838,165
3531,0,16838,187
3532,0,16838,169
3533,0,16838,176
3534,0,16838,203
3535,0,16838,175
3536,0,16838,170
3537,0,16838,180
3538,0,16838,186
3539,0,16838,190
3540,0,16838,186
3541,0,16838,187
3542,0,16838,166
3543,0,16838,170
3544,0,16838,194
3545,0,16838,175
3546,0,16838,178
3547,0,16838,185
3548,0,16838,190
3549,0,16838,176
3550,0,16838,172
3551,0,16838,172
3552,0,16838,170
3553,0,16838,184
3554,0,16838,178
3555,0,16838,176
3556,0,16838,178
3557,0,16838,185
3558,0,16838,180
3559,0,16838,179
3560,0,16838,176
3561,0,16838,186
3562,0,16838,174
3563,0,16838,184
3564,0,16838,192
3565,0,16838,178
3566,0,16838,186
3567,0,16838,186
3568,0,16838,180
3569,0,16838,196
3570,0,16838,182
3571,0,16838,183
3572,0,16838,183
3573,0,16838,191
3574,0,16838,189
3575,0,16838,194
3576,0,16838,193
3577,0,16838,187
3578,0,16838,191
3579,0,16838,190
3580,0,16838,187
3581,0,16838,187
3582,0,16838,190
3583,0,16838,190
3584,0,16838,189
3585,0,16838,189
3586,0,16838,191
3587,0,16838,191
3588,0,16838,194
3589,0,16838,199
3590,0,16838,192
3591,0,16838,189
3592,0,16838,192
3593,0,16838,192
3594,0,16838,197
3595,0,16838,202
3596,0,16838,195
3597,0,16838,198
3598,0,16838,193
3599,0,16838,194
3600,0,16838,198
3601,0,16838,202
3602,0,16838,205
3603,0,16838,195
3604,0,16838,191
3605,0,16838,190
3606,0,16838,202
3607,0,16838,196
3608,0,16838,205
3609,0,16838,210
3610,0,16838,204
3611,0,16838,206
3612,0,16838,199
3613,0,16838,205
3614,0,16838,199
3615,0,16838,192
3616,0,16838,200
3617,0,16838,197
3618,0,16838,202
3619,0,16838,203
3620,0,16838,202
3621,0,16838,201
3622,0,16838,206
3623,0,16838,220
3624,0,16838,216
3625,0,16838,216
3626,0,16838,218
3627,0,16838,218
3628,0,16838,215
3629,0,16838,213
3630,0,16838,214
3631,0,16838,218
3632,0,16838,208
3633,0,16838,218
3634,0,16838,219
3635,0,16838,224
3636,0,16838,216
3637,0,16838,217
3638,0,16838,198
3639,0,16838,223
3640,0,16838,224
3641,0,16838,221
3642,0,16838,223
3643,0,16838,214
3644,0,16838,225
3645,0,16838,226
3646,0,16838,226
3647,0,16838,218
3648,0,16838,216
3649,0,16838,223
3650,0,16838,229
3651,0,16838,214
3652,0,16838,221
3653,0,16838,217
3654,0,16838,226
3655,0,16838,216
3656,0,16838,220
3657,0,16838,219
3658,0,16838,219
3659,0,16838,224
3660,0,16838,223
3661,0,16838,220
3662,0,16838,214
3663,0,16838,216
3664,0,16838,209
3665,0,16838,227
3666,0,16838,226
3667,0,16838,219
3668,0,16838,222
3669,0,16838,221
3670,0,16838,221
3671,0,16838,208
3672,0,16838,232
3673,0,16838,225
3674,0,16838,223
3675,0,16838,218
3676,0,16838,222
3677,0,16838,224
3678,0,16838,225
3679,0,16838,224
3680,0,16838,223
3681,0,16838,216
3682,0,16838,223
3683,0,16838,226
3684,0,16838,220
3685,0,16838,223
3686,0,16838,232
3687,0,16838,224
3688,0,16838,208
3689,0,16838,223
3690,0,16838,215
3691,0,16838,211
3692,0,16838,222
3693,0,16838,226
3694,0,16838,226
3695,0,16838,223
3696,0,16838,225
3697,0,16838,212
3698,0,16838,223
3699,0,16838,223
3700,0,16838,222
3701,0,16838,226
3702,0,16838,231
3703,0,16838,230
3704,0,16838,227
3705,0,16838,222
3706,0,16838,228
3707,0,16838,230
3708,0,16838,226
3709,0,16838,235
3710,0,16838,228
3711,0,16838,231
3712,0,16838,242
3713,0,16838,226
3714,0,16838,232
3715,0,16838,233
3716,0,16838,238
3717,0,16838,255
3718,0,16838,244
3719,0,16838,231
3720,0,16838,250
3721,0,16838,246
3722,0,16838,262
3723,0,16838,263
3724,0,16838,264
3725,0,16838,275
3726,0,16838,263
3727,0,16838,276
3728,0,16838,273
3729,0,16838,258
3730,0,16838,247
3731,0,16838,259
3732,0,16838,275
3733,0,16838,270
3734,0,16838,267
3735,0,16838,273
3736,0,16838,264
3737,0,16838,271
3738,0,16838,271
3739,0,16838,278
3740,0,16838,276
3741,0,16838,278
3742,0,16838,273
3743,0,16838,280
3744,0,16838,274
3745,0,16838,277
3746,0,16838,273
3747,0,16838,280
3748,0,16838,270
3749,0,16838,283
3750,0,16838,278
3751,0,16838,278
3752,0,16838,284
3753,0,16838,272
3754,0,16838,279
3755,0,16838,296
3756,0,16838,277
3757,0,16838,281
3758,0,16838,280
3759,0,16838,280
3760,0,16838,275
3761,0,16838,281
3762,0,16838,282
3763,0,16838,281
3764,0,16838,300
3765,0,16838,286
3766,0,16838,292
3767,0,16838,293
3768,0,16838,290
3769,0,16838,295
3770,0,16838,299
3771,0,16838,295
3772,0,16838,292
3773,0,16838,290
3774,0,16838,275
3775,0,16838,277
3776,0,16838,287
3777,0,16838,306
3778,0,16838,301
3779,0,16838,300
3780,0,16838,313
3781,0,16838,309
3782,0,16838,317
3783,0,16838,310
3784,0,16838,305
3785,0,16838,299
3786,0,16838,280
3787,0,16838,318
3788,0,16838,297
3789,0,16838,301
3790,0,16838,307
3791,0,16838,313
3792,0,16838,298
3793,0,16838,293
3794,0,16838,290
3795,0,16838,322
3796,0,16838,323
3797,0,16838,301
3798,0,16838,298
3799,0,16838,279
3800,0,16838,316
3801,0,16838,319
3802,0,16838,309
3803,0,16838,332
3804,0,16838,290
3805,0,16838,277
3806,0,16838,291
3807,0,16838,297
3808,0,16838,288
3809,0,16838,318
3810,0,16838,310
3811,0,16838,315
3812,0,16838,292
3813,0,16838,293
3814,0,16838,311
3815,0,16838,317
3816,0,16838,319
3817,0,16838,319
3818,0,16838,369
3819,0,16838,360
3820,0,16838,356
3821,0,16838,356
3822,0,16838,327
3823,0,16838,414
3824,0,16838,396
3825,0,16838,402
3826,0,16838,414
3827,0,16838,412
3828,0,16838,422
3829,0,16838,436
3830,0,16838,370
3831,0,16838,371
3832,0,16838,372
3833,0,16838,395
3834,0,16838,402
3835,0,16838,349
3836,0,16838,365
3837,0,16838,366
3838,0,16838,363
3839,0,16838,385
3840,0,16838,365
3841,0,16838,369
3842,0,16838,354
3843,0,16838,507
3844,0,16838,417
3845,0,16838,441
3846,0,16838,394
3847,0,16838,403
3848,0,16838,477
3849,0,16838,427
3850,0,16838,507
3851,0,16838,472
3852,0,16838,585
3853,0,16838,541
3854,0,16838,480
3855,0,16838,496
3856,0,16838,547
3857,0,16838,528
3858,0,16838,473
3859,0,16838,401
3860,0,16838,494
3861,0,16838,441
3862,0,16838,433
3863,0,16838,447
3864,0,16838,551
3865,0,16838,569
3866,0,16838,482
3867,0,16838,554
3868,0,16838,678
3869,0,16838,648
3870,0,16838,939
3871,0,16838,1245
3872,0,16838,1621
3873,0,16838,1405
3874,0,16838,1059
3875,0,16838,897
3876,0,16838,1350
3877,0,16838,1779
3878,0,16838,1911
3879,0,16838,1891
3880,0,16838,1947
3881,0,16838,1907
3882,0,16838,1726
3883,0,16838,1745
3884,0,16838,1924
3885,0,16838,2074
3886,0,16838,1945
3887,0,16838,1950
3888,0,16838,1968
3889,0,16838,2143
3890,0,16838,2004
3891,0,16838,1984
3892,0,16838,1308
3893,0,16838,903
3894,0,16838,1307
3895,0,16838,1988
3896,0,16838,2110
3897,0,16838,2186
3898,0,16838,1699
3899,0,16838,1281
3900,0,16838,1197
3901,0,16838,946
3902,0,16838,1134
3903,0,16838,1309
3904,0,16838,2945
3905,0,16838,4394
3906,0,16838,3851
3907,0,16838,4017
3908,0,16838,4072
3909,0,16838,4407
3910,0,16838,4628
3911,0,16838,5713
3912,0,16838,6136
3913,0,16838,5653
3914,0,16838,5458
3915,0,16838,6137
3916,0,16838,5850
3917,0,16838,6722
3918,0,16838,5176
3919,0,16838,4397
3920,0,16838,2637
3921,0,16838,3163
3922,0,16838,3557
3923,0,16838,3118
3924,0,16838,2885
3925,0,16838,4905
3926,0,16838,5225
3927,0,16838,4402
3928,0,16838,5786
3929,0,16838,3949
3930,0,16838,2963
3931,0,16838,3042
3932,0,16838,2475
3933,0,16838,2337
3934,0,16838,5140
3935,0,16838,9287
3936,0,16838,13514
3937,0,16838,16760
3938,0,16838,19912
3939,0,16838,28577
3940,0,16838,25826
3941,0,16838,19016
3942,0,16838,15886
3943,0,16838,14985
3944,0,16838,10065
3945,0,16838,6517
3946,0,16838,4471
3947,0,16838,6692
3948,0,16838,6534
3949,0,16838,2452
3950,0,16838,785
3951,0,16838,633
3952,0,16838,709
3953,0,16838,584
3954,0,16838,778
3955,0,16838,793
3956,0,16838,1015
3957,0,16838,748
3958,0,16838,981
3959,0,16838,805
3960,0,16838,681
3961,0,16838,664
3962,0,16838,613
3963,0,16838,1046
3964,0,16838,1597
3965,0,16838,2310
3966,0,16838,3580
3967,0,16838,3969
3968,0,16838,6505
3969,0,16838,7277
3970,0,16838,13350
3971,0,16838,12947
3972,0,16838,14649
3973,0,16838,3591
3974,0,16838,1536
3975,0,16838,878
3976,0,16838,698
3977,0,16838,1232
3978,0,16838,1053
3979,0,16838,1313
3980,0,16838,1048
3981,0,16838,860
3982,0,16838,1534
3983,0,16838,2032
3984,0,16838,2393
3985,0,16838,1965
3986,0,16838,1219
3987,0,16838,575
3988,0,16838,538
3989,0,16838,395
3990,0,16838,406
3991,0,16838,300
3992,0,16838,379
3993,0,16838,341
3994,0,16838,283
3995,0,16838,225
3996,0,16838,226
3997,0,16838,268
3998,0,16838,279
3999,0,16838,318
4000,0,16838,285
4001,0,16838,372
4002,0,16838,342
4003,0,16838,444
4004,0,16838,611
4005,0,16838,872
4006,0,16838,1395
4007,0,16838,3714
4008,0,16838,5164
4009,0,16838,6760
4010,0,16838,14715
4011,0,16838,31488
4012,0,16838,10793
4013,0,16838,3094
4014,0,16838,5274
4015,0,16838,3048
4016,0,16838,2689
4017,0,16838,3975
4018,0,16838,8091
4019,0,16838,17409
4020,0,16838,4096
4021,0,16838,5411
4022,0,16838,1478
4023,0,16838,8630
4024,0,16838,17917
4025,0,16838,19371
4026,0,16838,10835
4027,0,16838,24702
4028,0,16838,23991
4029,0,16838,22478
4030,0,16838,12823
4031,0,16838,4987
4032,0,16838,3646
4033,0,16838,5550
4034,0,16838,8812
4035,0,16838,6766
4036,0,16838,8279
4037,0,16838,6089
4038,0,16838,6117
4039,0,16838,8045
4040,0,16838,5580
4041,0,16838,7102
4042,0,16838,8712
4043,0,16838,8266
4044,0,16838,7826
4045,0,16838,3396
4046,0,16838,3137
4047,0,16838,1365
4048,0,16838,500
4049,0,16838,784
4050,0,16838,639
4051,0,16838,835
4052,0,16838,756
4053,0,16838,1390
4054,0,16838,2236
4055,0,16838,1677
4056,0,16838,1266
4057,0,16838,980
4058,0,16838,1186
4059,0,16838,859
4060,0,16838,872
4061,0,16838,481
4062,0,16838,418
4063,0,16838,682
4064,0,16838,1136
4065,0,16838,1247
4066,0,16838,1305
4067,0,16838,826
4068,0,16838,503
4069,0,16838,641
4070,0,16838,1011
4071,0,16838,1166
4072,0,16838,1382
4073,0,16838,1867
4074,0,16838,2666
4075,0,16838,4087
4076,0,16838,3989
4077,0,16838,4210
4078,0,16838,5765
4079,0,16838,4772
4080,0,16838,4593
4081,0,16838,1991
4082,0,16838,1102
4083,0,16838,1591
4084,0,16838,3013
4085,0,16838,2004
4086,0,16838,2768
4087,0,16838,3798
4088,0,16838,2113
4089,0,16838,2095
4090,0,16838,2257
4091,0,16838,3249
4092,0,16838,2952
4093,0,16838,2612
4094,0,16838,3060
4095,0,16838,4318
4096,0,16838,3552
4097,0,16838,3285
4098,0,16838,1497
4099,0,16838,1719
4100,0,16838,2407
4101,0,16838,1299
4102,0,16838,1319
4103,0,16838,2894
4104,0,16838,3506
4105,0,16838,4133
4106,0,16838,4843
4107,0,16838,3040
4108,0,16838,3299
4109,0,16838,3379
4110,0,16838,2341
4111,0,16838,3495
4112,0,16838,1146
4113,0,16838,5010
4114,0,16838,1876
4115,0,16838,686
4116,0,16838,140
4117,0,16838,172
4118,0,16838,131
4119,0,16838,127
4120,0,16838,140
4121,0,16838,158
4122,0,16838,293
4123,0,16838,278
4124,0,16838,268
4125,0,16838,421
4126,0,16838,298
4127,0,16838,153
4128,0,16838,104
4129,0,16838,96
4130,0,16838,95
4131,0,16838,111
4132,0,16838,95
4133,0,16838,105
4134,0,16838,102
4135,0,16838,102
4136,0,16838,101
4137,0,16838,92
4138,0,16838,83
4139,0,16838,72
4140,0,16838,91
4141,0,16838,115
4142,0,16838,154
4143,0,16838,121
4144,0,16838,148
4145,0,16838,132
4146,0,16838,139
4147,0,16838,147
4148,0,16838,136
4149,0,16838,138
4150,0,16838,139
4151,0,16838,156
4152,0,16838,172
4153,0,16838,199
4154,0,16838,253
4155,0,16838,297
4156,0,16838,331
4157,0,16838,219
4158,0,16838,168
4159,0,16838,174
4160,0,16838,212
4161,0,16838,164
4162,0,16838,173
4163,0,16838,167
4164,0,16838,142
4165,0,16838,168
4166,0,16838,156
4167,0,16838,160
4168,0,16838,159
4169,0,16838,148
4170,0,16838,180
4171,0,16838,254
4172,0,16838,142
4173,0,16838,145
4174,0,16838,171
4175,0,16838,131
4176,0,16838,137
4177,0,16838,149
4178,0,16838,123
4179,0,16838,121
4180,0,16838,116
4181,0,16838,115
4182,0,16838,119
4183,0,16838,159
4184,0,16838,176
4185,0,16838,178
4186,0,16838,174
4187,0,16838,159
4188,0,16838,195
4189,0,16838,208
4190,0,16838,217
4191,0,16838,234
4192,0,16838,187
4193,0,16838,282
4194,0,16838,209
4195,0,16838,226
4196,0,16838,197
4197,0,16838,242
4198,0,16838,231
4199,0,16838,277
4200,0,16838,254
4201,0,16838,245
4202,0,16838,258
4203,0,16838,255
4204,0,16838,272
4205,0,16838,316
4206,0,16838,362
4207,0,16838,299
4208,0,16838,286
4209,0,16838,270
4210,0,16838,475
4211,0,16838,571
4212,0,16838,581
4213,0,16838,357
4214,0,16838,309
4215,0,16838,274
4216,0,16838,276
4217,0,16838,235
4218,0,16838,233
4219,0,16838,266
4220,0,16838,201
4221,0,16838,233
4222,0,16838,173
4223,0,16838,199
4224,0,16838,200
4225,0,16838,198
4226,0,16838,219
4227,0,16838,199
4228,0,16838,217
4229,0,16838,160
4230,0,16838,162
4231,0,16838,157
4232,0,16838,178
4233,0,16838,165
4234,0,16838,220
4235,0,16838,216
4236,0,16838,208
4237,0,16838,160
4238,0,16838,204
4239,0,16838,206
4240,0,16838,275
4241,0,16838,286
4242,0,16838,193
4243,0,16838,272
4244,0,16838,296
4245,0,16838,230
4246,0,16838,217
4247,0,16838,199
4248,0,16838,252
4249,0,16838,200
4250,0,16838,191
4251,0,16838,256
4252,0,16838,287
4253,0,16838,282
4254,0,16838,199
4255,0,16838,250
4256,0,16838,290
4257,0,16838,268
4258,0,16838,213
4259,0,16838,212
4260,0,16838,261
4261,0,16838,246
4262,0,16838,232
4263,0,16838,262
4264,0,16838,220
4265,0,16838,195
4266,0,16838,246
4267,0,16838,238
4268,0,16838,227
4269,0,16838,176
4270,0,16838,174
4271,0,16838,171
4272,0,16838,178
4273,0,16838,210
4274,0,16838,176
4275,0,16838,179
4276,0,16838,181
4277,0,16838,170
4278,0,16838,174
4279,0,16838,180
4280,0,16838,174
4281,0,16838,178
4282,0,16838,183
4283,0,16838,180
4284,0,16838,169
4285,0,16838,234
4286,0,16838,174
4287,0,16838,206
4288,0,16838,173
4289,0,16838,192
4290,0,16838,172
4291,0,16838,184
4292,0,16838,132
4293,0,16838,203
4294,0,16838,139
4295,0,16838,183
4296,0,16838,185
4297,0,16838,148
4298,0,16838,159
4299,0,16838,163
4300,0,16838,214
4301,0,16838,207
4302,0,16838,189
4303,0,16838,222
4304,0,16838,179
4305,0,16838,237
4306,0,16838,225
4307,0,16838,208
4308,0,16838,190
4309,0,16838,251
4310,0,16838,193
4311,0,16838,188
4312,0,16838,156
4313,0,16838,172
4314,0,16838,199
4315,0,16838,207
4316,0,16838,192
4317,0,16838,207
4318,0,16838,211
4319,0,16838,209
4320,0,16838,198
4321,0,16838,204
4322,0,16838,202
4323,0,16838,204
4324,0,16838,211
4325,0,16838,216
4326,0,16838,187
4327,0,16838,220
4328,0,16838,278
4329,0,16838,282
4330,0,16838,244
4331,0,16838,215
4332,0,16838,256
4333,0,16838,229
4334,0,16838,232
4335,0,16838,269
4336,0,16838,228
4337,0,16838,186
4338,0,16838,245
4339,0,16838,267
4340,0,16838,250
4341,0,16838,273
4342,0,16838,302
4343,0,16838,234
4344,0,16838,274
4345,0,16838,254
4346,0,16838,309
4347,0,16838,259
4348,0,16838,282
4349,0,16838,292
4350,0,16838,310
4351,0,16838,278
4352,0,16838,332
4353,0,16838,303
4354,0,16838,284
4355,0,16838,300
4356,0,16838,280
4357,0,16838,269
4358,0,16838,307
4359,0,16838,328
4360,0,16838,329
4361,0,16838,323
4362,0,16838,332
4363,0,16838,335
4364,0,16838,336
4365,0,16838,344
4366,0,16838,339
4367,0,16838,336
4368,0,16838,352
4369,0,16838,278
4370,0,16838,341
4371,0,16838,373
4372,0,16838,377
4373,0,16838,381
4374,0,16838,384
4375,0,16838,382
4376,0,16838,380
4377,0,16838,296
4378,0,16838,284
4379,0,16838,276
4380,0,16838,267
4381,0,16838,277
4382,0,16838,321
4383,0,16838,345
4384,0,16838,368
4385,0,16838,348
4386,0,16838,376
4387,0,16838,310
4388,0,16838,336
4389,0,16838,319
4390,0,16838,337
4391,0,16838,346
4392,0,16838,356
4393,0,16838,374
4394,0,16838,310
4395,0,16838,312
4396,0,16838,325
4397,0,16838,360
4398,0,16838,357
4399,0,16838,387
4400,0,16838,338
4401,0,16838,352
4402,0,16838,357
4403,0,16838,367
4404,0,16838,377
4405,0,16838,381
4406,0,16838,376
4407,0,16838,357
4408,0,16838,369
4409,0,16838,353
4410,0,16838,383
4411,0,16838,392
4412,0,16838,370
4413,0,16838,365
4414,0,16838,385
4415,0,16838,359
4416,0,16838,316
4417,0,16838,361
4418,0,16838,327
4419,0,16838,322
4420,0,16838,321
4421,0,16838,321
4422,0,16838,333
4423,0,16838,328
4424,0,16838,330
4425,0,16838,329
4426,0,16838,306
4427,0,16838,300
4428,0,16838,305
4429,0,16838,315
4430,0,16838,320
4431,0,16838,318
4432,0,16838,315
4433,0,16838,312
4434,0,16838,300
4435,0,16838,299
4436,0,16838,329
4437,0,16838,316
4438,0,16838,306
4439,0,16838,300
4440,0,16838,305
4441,0,16838,325
4442,0,16838,318
4443,0,16838,324
4444,0,16838,330
4445,0,16838,341
4446,0,16838,328
4447,0,16838,308
4448,0,16838,305
4449,0,16838,313
4450,0,16838,316
4451,0,16838,314
4452,0,16838,323
4453,0,16838,320
4454,0,16838,305
4455,0,16838,300
4456,0,16838,295
4457,0,16838,312
4458,0,16838,315
4459,0,16838,313
4460,0,16838,315
4461,0,16838,315
4462,0,16838,298
4463,0,16838,273
4464,0,16838,262
4465,0,16838,263
4466,0,16838,265
4467,0,16838,266
4468,0,16838,254
4469,0,16838,252
4470,0,16838,265
4471,0,16838,258
4472,0,16838,250
4473,0,16838,252
4474,0,16838,250
4475,0,16838,254
4476,0,16838,250
4477,0,16838,268
4478,0,16838,257
4479,0,16838,265
4480,0,16838,275
4481,0,16838,258
4482,0,16838,299
4483,0,16838,321
4484,0,16838,332
4485,0,16838,296
4486,0,16838,309
4487,0,16838,279
4488,0,16838,281
4489,0,16838,294
4490,0,16838,301
4491,0,16838,289
4492,0,16838,294
4493,0,16838,302
4494,0,16838,296
4495,0,16838,324
4496,0,16838,321
4497,0,16838,321
4498,0,16838,317
4499,0,16838,322
4500,0,16838,326
4501,0,16838,322
4502,0,16838,301
4503,0,16838,285
4504,0,16838,286
4505,0,16838,311
4506,0,16838,317
4507,0,16838,316
4508,0,16838,306
4509,0,16838,300
4510,0,16838,308
4511,0,16838,318
4512,0,16838,320
4513,0,16838,331
4514,0,16838,330
4515,0,16838,334
4516,0,16838,282
4517,0,16838,323
4518,0,16838,325
4519,0,16838,329
4520,0,16838,311
4521,0,16838,301
4522,0,16838,300
4523,0,16838,344
4524,0,16838,341
4525,0,16838,331
4526,0,16838,314
4527,0,16838,303
4528,0,16838,332
4529,0,16838,345
4530,0,16838,355
4531,0,16838,339
4532,0,16838,362
4533,0,16838,353
4534,0,16838,352
4535,0,16838,356
4536,0,16838,307
4537,0,16838,376
4538,0,16838,378
4539,0,16838,343
4540,0,16838,355
4541,0,16838,367
4542,0,16838,369
4543,0,16838,347
4544,0,16838,364
4545,0,16838,323
4546,0,16838,323
4547,0,16838,346
4548,0,16838,323
4549,0,16838,361
4550,0,16838,322
4551,0,16838,374
4552,0,16838,377
4553,0,16838,336
4554,0,16838,338
4555,0,16838,357
4556,0,16838,371
4557,0,16838,383
4558,0,16838,367
4559,0,16838,374
4560,0,16838,351
4561,0,16838,383
4562,0,16838,403
4563,0,16838,405
4564,0,16838,383
4565,0,16838,377
4566,0,16838,399
4567,0,16838,383
4568,0,16838,388
4569,0,16838,372
4570,0,16838,377
4571,0,16838,345
4572,0,16838,386
4573,0,16838,392
4574,0,16838,399
4575,0,16838,401
4576,0,16838,400
4577,0,16838,389
4578,0,16838,389
4579,0,16838,406
4580,0,16838,395
4581,0,16838,423
4582,0,16838,419
4583,0,16838,424
4584,0,16838,401
4585,0,16838,418
4586,0,16838,428
4587,0,16838,428
4588,0,16838,452
4589,0,16838,436
4590,0,16838,442
4591,0,16838,419
4592,0,16838,409
4593,0,16838,411
4594,0,16838,421
4595,0,16838,434
4596,0,16838,407
4597,0,16838,427
4598,0,16838,429
4599,0,16838,434
4600,0,16838,430
4601,0,16838,448
4602,0,16838,448
4603,0,16838,458
4604,0,16838,456
4605,0,16838,442
4606,0,16838,444
4607,0,16838,448
4608,0,16838,434
4609,0,16838,441
4610,0,16838,436
4611,0,16838,443
4612,0,16838,467
4613,0,16838,466
4614,0,16838,444
4615,0,16838,507
4616,0,16838,485
4617,0,16838,483
4618,0,16838,494
4619,0,16838,466
4620,0,16838,494
4621,0,16838,479
4622,0,16838,515
4623,0,16838,464
4624,0,16838,465
4625,0,16838,469
4626,0,16838,451
4627,0,16838,501
4628,0,16838,491
4629,0,16838,465
4630,0,16838,465
4631,0,16838,495
4632,0,16838,483
4633,0,16838,529
4634,0,16838,514
4635,0,16838,505
4636,0,16838,495
4637,0,16838,535
4638,0,16838,499
4639,0,16838,529
4640,0,16838,536
4641,0,16838,523
4642,0,16838,535
4643,0,16838,495
4644,0,16838,513
4645,0,16838,511
4646,0,16838,571
4647,0,16838,582
4648,0,16838,575
4649,0,16838,539
4650,0,16838,539
4651,0,16838,564
4652,0,16838,578
4653,0,16838,566
4654,0,16838,566
4655,0,16838,601
4656,0,16838,573
4657,0,16838,567
4658,0,16838,572
4659,0,16838,554
4660,0,16838,573
4661,0,16838,571
4662,0,16838,611
4663,0,16838,617
4664,0,16838,605
4665,0,16838,613
4666,0,16838,543
4667,0,16838,632
4668,0,16838,639
4669,0,16838,640
4670,0,16838,621
4671,0,16838,619
4672,0,16838,629
4673,0,16838,648
4674,0,16838,649
4675,0,16838,654
4676,0,16838,649
4677,0,16838,621
4678,0,16838,637
4679,0,16838,636
4680,0,16838,663
4681,0,16838,661
4682,0,16838,699
4683,0,16838,653
4684,0,16838,691
4685,0,16838,663
4686,0,16838,653
4687,0,16838,670
4688,0,16838,629
4689,0,16838,643
4690,0,16838,628
4691,0,16838,613
4692,0,16838,643
4693,0,16838,645
4694,0,16838,649
4695,0,16838,633
4696,0,16838,645
4697,0,16838,741
4698,0,16838,741
4699,0,16838,741
4700,0,16838,695
4701,0,16838,676
4702,0,16838,709
4703,0,16838,643
4704,0,16838,623
4705,0,16838,610
4706,0,16838,691
4707,0,16838,675
4708,0,16838,670
4709,0,16838,675
4710,0,16838,717
4711,0,16838,678
4712,0,16838,631
4713,0,16838,631
4714,0,16838,675
4715,0,16838,720
4716,0,16838,716
4717,0,16838,688
4718,0,16838,679
4719,0,16838,680
4720,0,16838,682
4721,0,16838,661
4722,0,16838,661
4723,0,16838,702
4724,0,16838,784
4725,0,16838,803
4726,0,16838,809
4727,0,16838,758
4728,0,16838,800
4729,0,16838,764
4730,0,16838,777
4731,0,16838,721
4732,0,16838,715
4733,0,16838,746
4734,0,16838,770
4735,0,16838,734
4736,0,16838,825
4737,0,16838,766
4738,0,16838,738
4739,0,16838,788
4740,0,16838,843
4741,0,16838,794
4742,0,16838,822
4743,0,16838,768
4744,0,16838,813
4745,0,16838,760
4746,0,16838,756
4747,0,16838,741
4748,0,16838,828
4749,0,16838,848
4750,0,16838,756
4751,0,16838,727
4752,0,16838,768
4753,0,16838,815
4754,0,16838,768
4755,0,16838,784
4756,0,16838,773
4757,0,16838,799
4758,0,16838,832
4759,0,16838,769
4760,0,16838,783
4761,0,16838,762
4762,0,16838,771
4763,0,16838,783
4764,0,16838,789
4765,0,16838,779
4766,0,16838,791
4767,0,16838,863
4768,0,16838,837
4769,0,16838,824
4770,0,16838,794
4771,0,16838,810
4772,0,16838,787
4773,0,16838,775
4774,0,16838,763
4775,0,16838,733
4776,0,16838,800
4777,0,16838,809
4778,0,16838,816
4779,0,16838,799
4780,0,16838,853
4781,0,16838,784
4782,0,16838,929
4783,0,16838,939
4784,0,16838,837
4785,0,16838,851
4786,0,16838,893
4787,0,16838,765
4788,0,16838,858
4789,0,16838,805
4790,0,16838,805
4791,0,16838,792
4792,0,16838,844
4793,0,16838,833
4794,0,16838,774
4795,0,16838,744
4796,0,16838,765
4797,0,16838,774
4798,0,16838,871
4799,0,16838,854
4800,0,16838,804
4801,0,16838,814
4802,0,16838,792
4803,0,16838,822
4804,0,16838,800
4805,0,16838,822
4806,0,16838,829
4807,0,16838,816
4808,0,16838,815
4809,0,16838,829
4810,0,16838,856
4811,0,16838,817
4812,0,16838,815
4813,0,16838,887
4814,0,16838,963
4815,0,16838,826
4816,0,16838,817
4817,0,16838,826
4818,0,16838,808
4819,0,16838,696
4820,0,16838,702
4821,0,16838,725
4822,0,16838,635
4823,0,16838,628
4824,0,16838,701
4825,0,16838,946
4826,0,16838,1015
4827,0,16838,1156
4828,0,16838,1196
4829,0,16838,1228
4830,0,16838,1173
4831,0,16838,1183
4832,0,16838,1173
4833,0,16838,1262
4834,0,16838,1283
4835,0,16838,1323
4836,0,16838,1313
4837,0,16838,1448
4838,0,16838,1491
4839,0,16838,1428
4840,0,16838,1417
4841,0,16838,1373
4842,0,16838,1487
4843,0,16838,1449
4844,0,16838,1488
4845,0,16838,1525
4846,0,16838,1508
4847,0,16838,1472
4848,0,16838,1513
4849,0,16838,1531
4850,0,16838,1555
4851,0,16838,1641
4852,0,16838,1680
4853,0,16838,1585
4854,0,16838,1572
4855,0,16838,1579
4856,0,16838,1660
4857,0,16838,1777
4858,0,16838,1718
4859,0,16838,1792
4860,0,16838,1645
4861,0,16838,1680
4862,0,16838,1660
4863,0,16838,1746
4864,0,16838,1807
4865,0,16838,1794
4866,0,16838,1893
4867,0,16838,1760
4868,0,16838,1745
4869,0,16838,1659
4870,0,16838,1767
4871,0,16838,1854
4872,0,16838,1899
4873,0,16838,1998
4874,0,16838,2051
4875,0,16838,2302
4876,0,16838,2231
4877,0,16838,2502
4878,0,16838,2492
4879,0,16838,7732
4880,0,16838,4854
4881,0,16838,3956
4882,0,16838,3807
4883,0,16838,3367
4884,0,16838,2744
4885,0,16838,2678
4886,0,16838,2588
4887,0,16838,2387
4888,0,16838,2467
4889,0,16838,2449
4890,0,16838,2265
4891,0,16838,2115
4892,0,16838,2132
4893,0,16838,2422
4894,0,16838,2328
4895,0,16838,2252
4896,0,16838,2066
4897,0,16838,2066
4898,0,16838,2042
4899,0,16838,2172
4900,0,16838,2177
4901,0,16838,2077
4902,0,16838,2071
4903,0,16838,1961
4904,0,16838,2055
4905,0,16838,2261
4906,0,16838,2192
4907,0,16838,2194
4908,0,16838,2072
4909,0,16838,2111
4910,0,16838,2081
4911,0,16838,2121
4912,0,16838,2084
4913,0,16838,2124
4914,0,16838,2113
4915,0,16838,2116
4916,0,16838,2140
4917,0,16838,2157
4918,0,16838,2149
4919,0,16838,2135
4920,0,16838,2165
4921,0,16838,2124
4922,0,16838,2107
4923,0,16838,2131
4924,0,16838,2157
4925,0,16838,2135
4926,0,16838,2310
4927,0,16838,2197
4928,0,16838,2220
4929,0,16838,2298
4930,0,16838,2264
4931,0,16838,2346
4932,0,16838,2344
4933,0,16838,2415
4934,0,16838,2237
4935,0,16838,2152
4936,0,16838,2177
4937,0,16838,2270
4938,0,16838,2287
4939,0,16838,2359
4940,0,16838,2377
4941,0,16838,2317
4942,0,16838,2386
4943,0,16838,2167
4944,0,16838,2279
4945,0,16838,2151
4946,0,16838,2317
4947,0,16838,2376
4948,0,16838,2400
4949,0,16838,2554
4950,0,16838,2430
4951,0,16838,2251
4952,0,16838,2227
4953,0,16838,2305
4954,0,16838,2331
4955,0,16838,2256
4956,0,16838,2503
4957,0,16838,2339
4958,0,16838,2514
4959,0,16838,2514
4960,0,16838,2375
4961,0,16838,2357
4962,0,16838,2366
4963,0,16838,2299
4964,0,16838,2393
4965,0,16838,2412
4966,0,16838,2330
4967,0,16838,2375
4968,0,16838,2412
4969,0,16838,2375
4970,0,16838,2339
4971,0,16838,2366
4972,0,16838,2430
4973,0,16838,2449
4974,0,16838,2564
4975,0,16838,2545
4976,0,16838,2430
4977,0,16838,2381
4978,0,16838,2495
4979,0,16838,2543
4980,0,16838,2427
4981,0,16838,2520
4982,0,16838,2388
4983,0,16838,2208
4984,0,16838,2491
4985,0,16838,2430
4986,0,16838,2334
4987,0,16838,2352
4988,0,16838,2462
4989,0,16838,2463
4990,0,16838,2423
4991,0,16838,2413
4992,0,16838,2518
4993,0,16838,2559
4994,0,16838,2480
4995,0,16838,2489
4996,0,16838,2536
4997,0,16838,2313
4998,0,16838,2283
4999,0,16838,2295
5000,0,16838,2366
5001,0,16838,2286
5002,0,16838,2260
5003,0,16838,2450
5004,0,16838,2257
5005,0,16838,2440
5006,0,16838,2330
5007,0,16838,2385
5008,0,16838,2339
5009,0,16838,2339
5010,0,16838,2277
5011,0,16838,2376
5012,0,16838,2431
5013,0,16838,2375
5014,0,16838,2428
5015,0,16838,2191
5016,0,16838,2242
5017,0,16838,2366
5018,0,16838,2403
5019,0,16838,2385
5020,0,16838,2403
5021,0,16838,2415
5022,0,16838,2555
5023,0,16838,2411
5024,0,16838,2191
5025,0,16838,2330
5026,0,16838,2348
5027,0,16838,2330
5028,0,16838,2242
5029,0,16838,2206
5030,0,16838,2170
5031,0,16838,2173
5032,0,16838,2198
5033,0,16838,2118
5034,0,16838,2140
5035,0,16838,2188
5036,0,16838,2165
5037,0,16838,2153
5038,0,16838,2170
5039,0,16838,2170
5040,0,16838,2332
5041,0,16838,2220
5042,0,16838,2153
5043,0,16838,2170
5044,0,16838,2185
5045,0,16838,2150
5046,0,16838,2365
5047,0,16838,2215
5048,0,16838,2007
5049,0,16838,1967
5050,0,16838,1957
5051,0,16838,1921
5052,0,16838,1942
5053,0,16838,1818
5054,0,16838,1578
5055,0,16838,1743
5056,0,16838,1583
5057,0,16838,1479
5058,0,16838,1529
5059,0,16838,1714
5060,0,16838,1559
5061,0,16838,1565
5062,0,16838,1606
5063,0,16838,1691
5064,0,16838,1652
5065,0,16838,1511
5066,0,16838,1553
5067,0,16838,1482
5068,0,16838,1523
5069,0,16838,1684
5070,0,16838,1589
5071,0,16838,1631
5072,0,16838,1564
5073,0,16838,1683
5074,0,16838,1677
5075,0,16838,1588
5076,0,16838,1576
5077,0,16838,1516
5078,0,16838,1531
5079,0,16838,1469
5080,0,16838,1452
5081,0,16838,1452
5082,0,16838,1398
5083,0,16838,1349
5084,0,16838,1369
5085,0,16838,1424
5086,0,16838,1419
5087,0,16838,1395
5088,0,16838,1479
5089,0,16838,1440
5090,0,16838,1433
5091,0,16838,1368
5092,0,16838,1400
5093,0,16838,1378
5094,0,16838,1289
5095,0,16838,1394
5096,0,16838,1378
5097,0,16838,1231
5098,0,16838,1258
5099,0,16838,1243
5100,0,16838,1374
5101,0,16838,1443
5102,0,16838,1494
5103,0,16838,1420
5104,0,16838,1485
5105,0,16838,1572
5106,0,16838,1466
5107,0,16838,1579
5108,0,16838,1542
5109,0,16838,1585
5110,0,16838,1536
5111,0,16838,1535
5112,0,16838,1473
5113,0,16838,1506
5114,0,16838,1523
5115,0,16838,1584
5116,0,16838,1493
5117,0,16838,1523
5118,0,16838,1505
5119,0,16838,1343
5120,0,16838,1353
5121,0,16838,1312
5122,0,16838,1582
5123,0,16838,1469
5124,0,16838,1357
5125,0,16838,1474
5126,0,16838,1587
5127,0,16838,1544
5128,0,16838,1422
5129,0,16838,1417
5130,0,16838,1650
5131,0,16838,1455
5132,0,16838,1664
5133,0,16838,1439
5134,0,16838,1521
5135,0,16838,1417
5136,0,16838,1439
5137,0,16838,1668
5138,0,16838,1574
5139,0,16838,1545
5140,0,16838,1569
5141,0,16838,1557
5142,0,16838,1540
5143,0,16838,1556
5144,0,16838,1479
5145,0,16838,1587
5146,0,16838,1581
5147,0,16838,1602
5148,0,16838,1599
5149,0,16838,1485
5150,0,16838,1625
5151,0,16838,1677
5152,0,16838,1695
5153,0,16838,1496
5154,0,16838,1730
5155,0,16838,1698
5156,0,16838,1668
5157,0,16838,1622
5158,0,16838,1489
5159,0,16838,1629
5160,0,16838,1616
5161,0,16838,1448
5162,0,16838,1667
5163,0,16838,1711
5164,0,16838,1720
5165,0,16838,1720
5166,0,16838,1667
5167,0,16838,1641
5168,0,16838,1616
5169,0,16838,1667
5170,0,16838,1653
5171,0,16838,1679
5172,0,16838,1712
5173,0,16838,1786
5174,0,16838,1773
5175,0,16838,1666
5176,0,16838,1718
5177,0,16838,1679
5178,0,16838,1628
5179,0,16838,1628
5180,0,16838,1692
5181,0,16838,1712
5182,0,16838,1732
5183,0,16838,1705
5184,0,16838,1766
5185,0,16838,1800
5186,0,16838,1793
5187,0,16838,1807
5188,0,16838,1766
5189,0,16838,1679
5190,0,16838,1685
5191,0,16838,1725
5192,0,16838,1814
5193,0,16838,1793
5194,0,16838,1805
5195,0,16838,1739
5196,0,16838,1785
5197,0,16838,1800
5198,0,16838,1806
5199,0,16838,1885
5200,0,16838,1899
5201,0,16838,1899
5202,0,16838,1914
5203,0,16838,1785
5204,0,16838,1710
5205,0,16838,1792
5206,0,16838,1877
5207,0,16838,1982
5208,0,16838,1899
5209,0,16838,1841
5210,0,16838,1839
5211,0,16838,1848
5212,0,16838,1810
5213,0,16838,1861
5214,0,16838,1853
5215,0,16838,1820
5216,0,16838,1782
5217,0,16838,1782
5218,0,16838,1829
5219,0,16838,1889
5220,0,16838,1933
5221,0,16838,1946
5222,0,16838,1882
5223,0,16838,1853
5224,0,16838,1860
5225,0,16838,1838
5226,0,16838,1795
5227,0,16838,1747
5228,0,16838,1741
5229,0,16838,1775
5230,0,16838,1795
5231,0,16838,1837
5232,0,16838,1837
5233,0,16838,1761
5234,0,16838,1786
5235,0,16838,1781
5236,0,16838,1794
5237,0,16838,1802
5238,0,16838,1809
5239,0,16838,1836
5240,0,16838,1895
5241,0,16838,1800
5242,0,16838,1769
5243,0,16838,1923
5244,0,16838,1961
5245,0,16838,1953
5246,0,16838,1938
5247,0,16838,1908
5248,0,16838,1879
5249,0,16838,1808
5250,0,16838,1930
5251,0,16838,1961
5252,0,16838,1884
5253,0,16838,1999
5254,0,16838,1943
5255,0,16838,1953
5256,0,16838,2030
5257,0,16838,2014
5258,0,16838,1923
5259,0,16838,1938
5260,0,16838,2077
5261,0,16838,2061
5262,0,16838,2046
5263,0,16838,2030
5264,0,16838,1994
5265,0,16838,1976
5266,0,16838,1938
5267,0,16838,1991
5268,0,16838,2005
5269,0,16838,2124
5270,0,16838,2103
5271,0,16838,2076
5272,0,16838,1990
5273,0,16838,1960
5274,0,16838,2071
5275,0,16838,2068
5276,0,16838,2149
5277,0,16838,2146
5278,0,16838,2135
5279,0,16838,1944
5280,0,16838,1877
5281,0,16838,2018
5282,0,16838,2023
5283,0,16838,2116
5284,0,16838,2208
5285,0,16838,2394
5286,0,16838,2242
5287,0,16838,2265
5288,0,16838,2398
5289,0,16838,2716
5290,0,16838,2737
5291,0,16838,2723
5292,0,16838,2685
5293,0,16838,2665
5294,0,16838,2535
5295,0,16838,2535
5296,0,16838,2449
5297,0,16838,2730
5298,0,16838,2604
5299,0,16838,2624
5300,0,16838,2675
5301,0,16838,2535
5302,0,16838,2737
5303,0,16838,2716
5304,0,16838,2468
5305,0,16838,2415
5306,0,16838,2695
5307,0,16838,52652
5308,1,16838,63946
5309,1,16838,63543
5310,1,16838,63015
5311,1,16838,62754
5312,0,16838,62689
5313,0,16838,63292
5314,0,16838,63290
5315,0,16838,63463
5316,0,16838,63309
5317,1,16838,63381
5318,1,16838,63464
5319,1,16838,63493
5320,1,16838,63140
5321,1,16838,62513
5322,1,16838,62772
5323,1,16838,62839
5324,1,16838,63208
5325,1,16838,63136
5326,1,16838,63124
5327,1,16838,63434
5328,1,16838,63076
5329,1,16838,63387
5330,1,16838,63169
5331,1,16838,62909
5332,1,16838,63233
5333,1,16838,62980
5334,1,16838,63475
5335,1,16838,63910
5336,1,16838,64055
5337,1,16838,63775
5338,1,16838,64184
5339,1,16838,64065
5340,1,16838,64320
5341,1,16838,64362
5342,1,16838,64094
5343,1,16838,64324
5344,1,16838,64409
5345,1,16838,64276
5346,1,16838,64262
5347,1,16838,64402
5348,1,16838,64401
5349,1,16838,64446
5350,1,16838,64523
5351,1,16838,64572
5352,1,16838,64694
5353,1,16838,64730
5354,1,16838,64773
5355,1,16838,64723
5356,1,16838,64638
5357,1,16838,64896
5358,1,16838,64877
5359,1,16838,64993
5360,1,16838,64871
5361,1,16838,64890
5362,1,16838,64916
5363,1,16838,64999
5364,1,16838,65068
5365,1,16838,64956
5366,1,16838,65025
5367,1,16838,65009
5368,1,16838,65091
5369,1,16838,65048
5370,1,16838,65154
5371,1,16838,65193
5372,1,16838,65228
5373,1,16838,65258
5374,1,16838,65328
5375,1,16838,65383
5376,1,16838,65379
5377,1,16838,65394
5378,1,16838,65313
5379,1,16838,65264
5380,1,16838,65230
5381,1,16838,65216
5382,1,16838,65146
5383,1,16838,65249
5384,1,16838,65176
5385,1,16838,65214
5386,1,16838,65077
5387,1,16838,65075
5388,1,16838,65086
5389,1,16838,64653
5390,1,16838,64280
5391,1,16838,63744
5392,1,16838,64028
5393,1,16838,63889
5394,1,16838,63987
5395,1,16838,63855
5396,1,16838,63788
5397,1,16838,63951
5398,1,16838,63926
5399,1,16838,64166
5400,1,16838,64230
5401,1,16838,63993
5402,1,16838,64071
5403,1,16838,64017
5404,1,16838,64124
5405,1,16838,64011
5406,1,16838,63856
5407,1,16838,63631
5408,1,16838,63609
5409,1,16838,63933
5410,1,16838,64014
5411,1,16838,63709
5412,1,16838,63764
5413,1,16838,64034
5414,1,16838,63995
5415,1,16838,63870
5416,1,16838,64145
5417,1,16838,63783
5418,1,16838,63907
5419,1,16838,64076
5420,1,16838,64286
5421,1,16838,64321
5422,1,16838,64341
5423,1,16838,64444
5424,1,16838,64313
5425,1,16838,64356
5426,1,16838,64214
5427,1,16838,64287
5428,1,16838,64312
5429,1,16838,64126
5430,1,16838,63971
5431,1,16838,64133
5432,1,16838,64240
5433,1,16838,64396
5434,1,16838,64166
5435,1,16838,64093
5436,1,16838,64094
5437,1,16838,64017
5438,1,16838,64184
5439,1,16838,64408
5440,1,16838,64457
5441,1,16838,64462
5442,1,16838,64284
5443,1,16838,64375
5444,1,16838,63937
5445,1,16838,64397
5446,1,16838,64420
5447,1,16838,64555
5448,1,16838,64741
5449,1,16838,64687
5450,1,16838,64694
5451,1,16838,64800
5452,1,16838,64876
5453,1,16838,64842
5454,1,16838,64817
5455,1,16838,64820
5456,1,16838,64722
5457,1,16838,64666
5458,1,16838,64503
5459,1,16838,64574
5460,1,16838,64538
5461,1,16838,64544
5462,1,16838,64577
5463,1,16838,64518
5464,1,16838,64486
5465,1,16838,64494
5466,1,16838,64467
5467,1,16838,64366
5468,1,16838,64334
5469,1,16838,64340
5470,1,16838,64264
5471,1,16838,63988
5472,1,16838,64235
5473,1,16838,64377
5474,1,16838,64457
5475,1,16838,64234
5476,1,16838,64382
5477,1,16838,64366
5478,1,16838,64389
5479,1,16838,64080
5480,1,16838,64179
5481,1,16838,64388
5482,1,16838,64305
5483,1,16838,64226
5484,1,16838,64040
5485,1,16838,64034
5486,1,16838,64036
5487,1,16838,63833
5488,1,16838,63741
5489,1,16838,63616
5490,1,16838,63919
5491,1,16838,63972
5492,1,16838,64001
5493,1,16838,63920
5494,1,16838,63797
5495,1,16838,63816
5496,1,16838,63652
5497,1,16838,63632
5498,1,16838,63722
5499,1,16838,63735
5500,0,16838,63879
5501,0,16838,63824
5502,0,16838,63762
5503,1,16838,63816
5504,1,16838,63831
5505,1,16838,63758
5506,1,16838,63817
5507,1,16838,63734
5508,1,16838,63713
5509,1,16838,63638
5510,1,16838,63717
5511,1,16838,63853
5512,1,16838,63818
5513,1,16838,63515
5514,1,16838,63800
5515,1,16838,64050
5516,1,16838,63606
5517,1,16838,63689
5518,1,16838,63664
5519,1,16838,63571
5520,1,16838,63520
5521,1,16838,63524
5522,1,16838,63536
5523,1,16838,63429
5524,1,16838,63274
5525,1,16838,63446
5526,1,16838,63309
5527,1,16838,63079
5528,1,16838,63041
5529,1,16838,63230
5530,1,16838,63399
5531,1,16838,63596
5532,1,16838,63593
5533,1,16838,63509
5534,1,16838,63305
5535,1,16838,63476
5536,1,16838,63120
5537,1,16838,63325
5538,1,16838,63363
5539,1,16838,63382
5540,1,16838,63022
5541,1,16838,62559
5542,1,16838,62855
5543,1,16838,63040
5544,1,16838,63391
5545,1,16838,63081
5546,1,16838,62780
5547,1,16838,62691
5548,1,16838,62954
5549,1,16838,62825
5550,1,16838,62719
5551,1,16838,62837
5552,1,16838,63142
5553,1,16838,63083
5554,1,16838,62925
5555,1,16838,63436
5556,1,16838,63598
5557,1,16838,62933
5558,1,16838,62920
5559,1,16838,63145
5560,0,16838,63002
5561,1,16838,62703
5562,1,16838,63055
5563,1,16838,62891
5564,1,16838,63220
5565,1,16838,63062
5566,1,16838,63182
5567,1,16838,62948
5568,1,16838,63053
5569,1,16838,62967
5570,1,16838,62841
5571,1,16838,62753
5572,1,16838,62831
5573,1,16838,62591
5574,1,16838,62645
5575,1,16838,62701
5576,1,16838,62890
5577,1,16838,62812
5578,1,16838,63075
5579,1,16838,62844
5580,1,16838,62604
5581,1,16838,63080
5582,1,16838,62616
5583,0,16838,62476
5584,1,16838,62648
5585,0,16838,62308
5586,1,16838,63013
5587,1,16838,62718
5588,1,16838,62799
5589,1,16838,62341
5590,1,16838,62588
5591,1,16838,62299
5592,1,16838,62024
5593,1,16838,62393
5594,1,16838,61986
5595,1,16838,61957
5596,1,16838,61910
5597,1,16838,61820
5598,1,16838,62165
5599,1,16838,61568
5600,1,16838,61989
5601,1,16838,61001
5602,1,16838,61212
5603,1,16838,61131
5604,1,16838,61612
5605,1,16838,61485
5606,1,16838,60967
5607,1,16838,60752
5608,1,16838,60904
5609,1,16838,61270
5610,1,16838,61730
5611,1,16838,61599
5612,1,16838,61204
5613,1,16838,61365
5614,1,16838,61026
5615,1,16838,61001
5616,1,16838,60834
5617,1,16838,61066
5618,1,16838,61234
5619,1,16838,61289
5620,1,16838,61889
5621,1,16838,61930
5622,1,16838,61957
5623,1,16838,61504
5624,1,16838,61334
5625,1,16838,62171
5626,1,16838,61800
5627,1,16838,61164
5628,1,16838,61060
5629,1,16838,60906
5630,1,16838,60540
5631,1,16838,60823
5632,1,16838,61179
5633,1,16838,61160
5634,1,16838,61489
5635,1,16838,60846
5636,1,16838,60402
5637,1,16838,60481
5638,1,16838,60847
5639,1,16838,61399
5640,1,16838,61715
5641,1,16838,61689
5642,1,16838,61901
5643,1,16838,62548
5644,1,16838,62817
5645,1,16838,62854
5646,1,16838,62853
5647,1,16838,62697
5648,1,16838,62214
5649,1,16838,62507
5650,1,16838,63010
5651,1,16838,62787
5652,1,16838,63130
5653,1,16838,62738
5654,1,16838,62584
5655,1,16838,62662
5656,1,16838,62267
5657,1,16838,62780
5658,1,16838,62394
5659,1,16838,62126
5660,1,16838,62571
5661,1,16838,62502
5662,1,16838,62550
5663,1,16838,62906
5664,1,16838,62731
5665,1,16838,62318
5666,1,16838,62210
5667,1,16838,62597
5668,1,16838,61938
5669,1,16838,62364
5670,1,16838,62659
5671,1,16838,62688
5672,1,16838,62821
5673,1,16838,62655
5674,1,16838,62774
5675,1,16838,62662
5676,1,16838,62682
5677,1,16838,62220
5678,1,16838,62735
5679,1,16838,62118
5680,1,16838,62120
5681,1,16838,62323
5682,1,16838,62169
5683,1,16838,62769
5684,1,16838,62270
5685,1,16838,62268
5686,1,16838,62224
5687,1,16838,62494
5688,1,16838,62357
5689,1,16838,62330
5690,1,16838,61639
5691,1,16838,61704
5692,1,16838,61778
5693,1,16838,61213
5694,1,16838,61179
5695,1,16838,61317
5696,1,16838,61202
5697,1,16838,60988
5698,1,16838,61083
5699,1,16838,61014
5700,1,16838,60365
5701,1,16838,59749
5702,1,16838,59527
5703,1,16838,58725
5704,1,16838,59099
5705,1,16838,59400
5706,1,16838,60456
5707,1,16838,59996
5708,1,16838,59165
5709,1,16838,60096
5710,1,16838,59963
5711,1,16838,59483
5712,1,16838,59931
5713,1,16838,60984
5714,1,16838,61244
5715,1,16838,61550
5716,1,16838,61019
5717,1,16838,61590
5718,1,16838,61694
5719,1,16838,61798
5720,1,16838,61574
5721,1,16838,61956
5722,1,16838,61777
5723,1,16838,61949
5724,1,16838,61530
5725,1,16838,61258
5726,1,16838,61491
5727,1,16838,61322
5728,1,16838,60595
5729,1,16838,61123
5730,1,16838,61218
5731,1,16838,61394
5732,1,16838,61297
5733,1,16838,60784
5734,1,16838,61405
5735,1,16838,60865
5736,1,16838,60862
5737,1,16838,61012
5738,1,16838,60015
5739,1,16838,59706
5740,1,16838,59852
5741,1,16838,60500
5742,1,16838,60700
5743,1,16838,60686
5744,1,16838,60829
5745,1,16838,59599
5746,1,16838,61074
5747,1,16838,61104
5748,1,16838,61759
5749,1,16838,61315
5750,1,16838,61231
5751,1,16838,60584
5752,1,16838,60613
5753,1,16838,60097
5754,1,16838,61256
5755,1,16838,60449
5756,1,16838,59398
5757,1,16838,60661
5758,1,16838,61054
5759,1,16838,61795
5760,1,16838,61198
5761,1,16838,61531
5762,1,16838,62050
5763,1,16838,61787
5764,1,16838,61858
5765,1,16838,61598
5766,1,16838,61827
5767,1,16838,61749
5768,1,16838,62323
5769,1,16838,61737
5770,1,16838,62099
5771,1,16838,61498
5772,1,16838,61408
5773,1,16838,60555
5774,1,16838,60213
5775,1,16838,60167
5776,1,16838,60761
5777,1,16838,60776
5778,1,16838,60865
5779,1,16838,60656
5780,1,16838,60603
5781,1,16838,61128
5782,1,16838,60871
5783,1,16838,60962
5784,1,16838,60515
5785,1,16838,60575
5786,1,16838,60742
5787,1,16838,61244
5788,1,16838,61821
5789,1,16838,61581
5790,1,16838,60978
5791,1,16838,61455
5792,1,16838,61313
5793,1,16838,60828
5794,1,16838,61202
5795,1,16838,60728
5796,1,16838,60366
5797,1,16838,60409
5798,1,16838,60589
5799,1,16838,60481
5800,1,16838,59376
5801,1,16838,60988
5802,1,16838,61162
5803,1,16838,61079
5804,1,16838,60168
5805,1,16838,60323
5806,1,16838,60069
5807,1,16838,59843
5808,1,16838,59856
5809,1,16838,60130
5810,1,16838,60717
5811,1,16838,61176
5812,1,16838,60465
5813,1,16838,60906
5814,1,16838,61138
5815,1,16838,61373
5816,1,16838,62118
5817,1,16838,61595
5818,1,16838,61960
5819,1,16838,61223
5820,1,16838,61311
5821,1,16838,60977
5822,1,16838,61442
5823,1,16838,61169
5824,1,16838,61172
5825,1,16838,61301
5826,1,16838,61270
5827,1,16838,61675
5828,1,16838,61284
5829,1,16838,61670
5830,1,16838,61532
5831,1,16838,61247
5832,1,16838,61267
5833,1,16838,60888
5834,1,16838,60896
5835,1,16838,61263
5836,1,16838,60535
5837,1,16838,60313
5838,1,16838,60247
5839,1,16838,59987
5840,1,16838,60256
5841,1,16838,60209
5842,1,16838,60106
5843,1,16838,60319
5844,1,16838,60386
5845,1,16838,60526
5846,1,16838,60386
5847,1,16838,60554
5848,1,16838,60823
5849,1,16838,61018
5850,1,16838,60962
5851,1,16838,60991
5852,1,16838,60526
5853,1,16838,60880
5854,1,16838,60496
5855,1,16838,60390
5856,1,16838,60684
5857,1,16838,60663
5858,1,16838,60761
5859,1,16838,60343
5860,1,16838,60308
5861,1,16838,60456
5862,1,16838,60917
5863,1,16838,60783
5864,1,16838,60790
5865,1,16838,60943
5866,1,16838,60712
5867,1,16838,60615
5868,1,16838,60668
5869,1,16838,60172
5870,0,16838,789
5871,0,16838,789
5872,0,16838,759
5873,0,16838,785
5874,0,16838,825
5875,0,16838,751
5876,0,16838,733
5877,0,16838,698
5878,0,16838,652
5879,0,16838,705
5880,0,16838,693
5881,0,16838,651
5882,0,16838,693
5883,0,16838,699
5884,0,16838,710
5885,0,16838,707
5886,0,16838,752
5887,0,16838,743
5888,0,16838,707
5889,0,16838,671
5890,0,16838,656
5891,0,16838,661
5892,0,16838,679
5893,0,16838,717
5894,0,16838,573
5895,0,16838,668
5896,0,16838,653
5897,0,16838,610
5898,0,16838,658
5899,0,16838,629
5900,0,16838,617
5901,0,16838,614
5902,0,16838,614
5903,0,16838,619
5904,0,16838,590
5905,0,16838,581
5906,0,16838,595
5907,0,16838,598
5908,0,16838,585
5909,0,16838,593
5910,0,16838,611
5911,0,16838,587
5912,0,16838,585
5913,0,16838,572
5914,0,16838,569
5915,0,16838,567
5916,0,16838,562
5917,0,16838,552
5918,0,16838,578
5919,0,16838,639
5920,0,16838,595
5921,0,16838,579
5922,0,16838,638
5923,0,16838,599
5924,0,16838,602
5925,0,16838,603
5926,0,16838,664
5927,0,16838,647
5928,0,16838,569
5929,0,16838,577
5930,0,16838,599
5931,0,16838,630
5932,0,16838,618
5933,0,16838,612
5934,0,16838,580
5935,0,16838,659
5936,0,16838,620
5937,0,16838,639
5938,0,16838,621
5939,0,16838,656
5940,0,16838,719
5941,0,16838,692
5942,0,16838,663
5943,0,16838,674
5944,0,16838,674
5945,0,16838,696
5946,0,16838,686
5947,0,16838,662
5948,0,16838,656
5949,0,16838,644
5950,0,16838,631
5951,0,16838,624
5952,0,16838,642
5953,0,16838,627
5954,0,16838,663
5955,0,16838,671
5956,0,16838,672
5957,0,16838,679
5958,0,16838,638
5959,0,16838,623
5960,0,16838,668
5961,0,16838,595
5962,0,16838,586
5963,0,16838,648
5964,0,16838,658
5965,0,16838,609
5966,0,16838,635
5967,0,16838,611
5968,0,16838,600
5969,0,16838,647
5970,0,16838,576
5971,0,16838,596
5972,0,16838,582
5973,0,16838,602
5974,0,16838,602
5975,0,16838,595
5976,0,16838,550
5977,0,16838,541
5978,0,16838,579
5979,0,16838,632
5980,0,16838,545
5981,0,16838,570
5982,0,16838,612
5983,0,16838,589
5984,0,16838,611
5985,0,16838,601
5986,0,16838,593
5987,0,16838,612
5988,0,16838,593
5989,0,16838,617
5990,0,16838,596
5991,0,16838,615
5992,0,16838,659
5993,0,16838,609
5994,0,16838,636
5995,0,16838,659
5996,0,16838,646
5997,0,16838,626
5998,0,16838,641
5999,0,16838,672
6000,0,16838,651
6001,0,16838,636
6002,0,16838,631
6003,0,16838,641
6004,0,16838,618
6005,0,16838,604
6006,0,16838,588
6007,0,16838,617
6008,0,16838,586
6009,0,16838,611
6010,0,16838,562
6011,0,16838,672
6012,0,16838,554
6013,0,16838,554
6014,0,16838,523
6015,0,16838,589
6016,0,16838,576
6017,0,16838,587
6018,0,16838,599
6019,0,16838,596
6020,0,16838,592
6021,0,16838,601
6022,0,16838,567
6023,0,16838,636
6024,0,16838,626
6025,0,16838,662
6026,0,16838,672
6027,0,16838,641
6028,0,16838,653
6029,0,16838,633
6030,0,16838,607
6031,0,16838,619
6032,0,16838,624
6033,0,16838,645
6034,0,16838,631
6035,0,16838,682
6036,0,16838,658
6037,0,16838,657
6038,0,16838,655
6039,0,16838,672
6040,0,16838,659
6041,0,16838,637
6042,0,16838,645
6043,0,16838,643
6044,0,16838,609
6045,0,16838,603
6046,0,16838,620
6047,0,16838,650
6048,0,16838,650
6049,0,16838,625
6050,0,16838,650
6051,0,16838,613
6052,0,16838,648
6053,0,16838,669
6054,0,16838,601
6055,0,16838,634
6056,0,16838,633
6057,0,16838,630
6058,0,16838,645
6059,0,16838,645
6060,0,16838,635
6061,0,16838,615
6062,0,16838,652
6063,0,16838,648
6064,0,16838,682
6065,0,16838,618
6066,0,16838,619
6067,0,16838,627
6068,0,16838,639
6069,0,16838,611
6070,0,16838,594
6071,0,16838,623
6072,0,16838,647
6073,0,16838,640
6074,0,16838,625
6075,0,16838,640
6076,0,16838,642
6077,0,16838,630
6078,0,16838,625
6079,0,16838,655
6080,0,16838,655
6081,0,16838,647
6082,0,16838,673
6083,0,16838,708
6084,0,16838,652
6085,0,16838,625
6086,0,16838,689
6087,0,16838,736
6088,0,16838,670
6089,0,16838,649
6090,0,16838,691
6091,0,16838,650
6092,0,16838,645
6093,0,16838,701
6094,0,16838,739
6095,0,16838,703
6096,0,16838,656
6097,0,16838,674
6098,0,16838,613
6099,0,16838,622
6100,0,16838,626
6101,0,16838,620
6102,0,16838,566
6103,0,16838,516
6104,0,16838,591
6105,0,16838,605
6106,0,16838,588
6107,0,16838,563
6108,0,16838,572
6109,0,16838,593
6110,0,16838,607
6111,0,16838,637
6112,0,16838,595
6113,0,16838,598
6114,0,16838,575
6115,0,16838,594
6116,0,16838,622
6117,0,16838,649
6118,0,16838,575
6119,0,16838,627
6120,0,16838,664
6121,0,16838,667
6122,0,16838,649
6123,0,16838,724
6124,0,16838,723
6125,0,16838,698
6126,0,16838,695
6127,0,16838,691
6128,0,16838,683
6129,0,16838,684
6130,0,16838,697
6131,0,16838,683
6132,0,16838,677
6133,0,16838,633
6134,0,16838,684
6135,0,16838,681
6136,0,16838,693
6137,0,16838,660
6138,0,16838,670
6139,0,16838,666
6140,0,16838,633
6141,0,16838,656
6142,0,16838,696
6143,0,16838,665
6144,0,16838,673
6145,0,16838,640
6146,0,16838,645
6147,0,16838,665
6148,0,16838,658
6149,0,16838,597
6150,0,16838,589
6151,0,16838,627
6152,0,16838,661
6153,0,16838,630
6154,0,16838,596
6155,0,16838,582
6156,0,16838,578
6157,0,16838,594
6158,0,16838,607
6159,0,16838,598
6160,0,16838,586
6161,0,16838,627
6162,0,16838,622
6163,0,16838,615
6164,0,16838,593
6165,0,16838,605
6166,0,16838,620
6167,0,16838,645
6168,0,16838,665
6169,0,16838,661
6170,0,16838,701
6171,0,16838,745
6172,0,16838,645
6173,0,16838,735
6174,0,16838,716
6175,0,16838,731
6176,0,16838,713
6177,0,16838,701
6178,0,16838,733
6179,0,16838,744
6180,0,16838,734
6181,0,16838,713
6182,0,16838,728
6183,0,16838,700
6184,0,16838,700
6185,0,16838,708
6186,0,16838,692
6187,0,16838,665
6188,0,16838,717
6189,0,16838,808
6190,0,16838,698
6191,0,16838,728
6192,0,16838,728
6193,0,16838,760
6194,0,16838,721
6195,0,16838,811
6196,0,16838,716
6197,0,16838,745
6198,0,16838,736
6199,0,16838,766
6200,0,16838,696
6201,0,16838,728
6202,0,16838,711
6203,0,16838,714
6204,0,16838,681
6205,0,16838,686
6206,0,16838,714
6207,0,16838,700
6208,0,16838,714
6209,0,16838,748
6210,0,16838,757
6211,0,16838,733
6212,0,16838,708
6213,0,16838,711
6214,0,16838,794
6215,0,16838,728
6216,0,16838,701
6217,0,16838,739
6218,0,16838,680
6219,0,16838,702
6220,0,16838,699
6221,0,16838,656
6222,0,16838,725
6223,0,16838,730
6224,0,16838,745
6225,0,16838,722
6226,0,16838,762
6227,0,16838,770
6228,0,16838,765
6229,0,16838,776
6230,0,16838,837
6231,0,16838,783
6232,0,16838,789
6233,0,16838,798
6234,0,16838,753
6235,0,16838,798
6236,0,16838,751
6237,0,16838,719
6238,0,16838,719
6239,0,16838,714
6240,0,16838,705
6241,0,16838,728
6242,0,16838,739
6243,0,16838,728
6244,0,16838,747
6245,0,16838,757
6246,0,16838,742
6247,0,16838,722
6248,0,16838,757
6249,0,16838,722
6250,0,16838,726
6251,0,16838,754
6252,0,16838,742
6253,0,16838,769
6254,0,16838,748
6255,0,16838,742
6256,0,16838,732
6257,0,16838,705
6258,0,16838,737
6259,0,16838,725
6260,0,16838,754
6261,0,16838,705
6262,0,16838,700
6263,0,16838,708
6264,0,16838,725
6265,0,16838,744
6266,0,16838,728
6267,0,16838,722
6268,0,16838,750
6269,0,16838,727
6270,0,16838,630
6271,0,16838,683
6272,0,16838,723
6273,0,16838,736
6274,0,16838,721
6275,0,16838,727
6276,0,16838,745
6277,0,16838,904
6278,0,16838,816
6279,0,16838,798
6280,0,16838,838
6281,0,16838,823
6282,0,16838,767
6283,0,16838,792
6284,0,16838,816
6285,0,16838,810
6286,0,16838,810
6287,0,16838,829
6288,0,16838,788
6289,0,16838,816
6290,0,16838,874
6291,0,16838,881
6292,0,16838,861
6293,0,16838,914
6294,0,16838,917
6295,0,16838,893
6296,0,16838,835
6297,0,16838,930
6298,0,16838,984
6299,0,16838,895
6300,0,16838,909
6301,0,16838,902
6302,0,16838,908
6303,0,16838,889
6304,0,16838,881
6305,0,16838,895
6306,0,16838,871
6307,0,16838,874
6308,0,16838,917
6309,0,16838,921
6310,0,16838,952
6311,0,16838,953
6312,0,16838,939
6313,0,16838,913
6314,0,16838,881
6315,0,16838,895
6316,0,16838,888
6317,0,16838,912
6318,0,16838,917
6319,0,16838,865
6320,0,16838,901
6321,0,16838,895
6322,0,16838,908
6323,0,16838,931
6324,0,16838,926
6325,0,16838,917
6326,0,16838,913
6327,0,16838,890
6328,0,16838,911
6329,0,16838,1006
6330,0,16838,985
6331,0,16838,843
6332,0,16838,924
6333,0,16838,975
6334,0,16838,994
6335,0,16838,998
6336,0,16838,903
6337,0,16838,891
6338,0,16838,899
6339,0,16838,927
6340,0,16838,935
6341,0,16838,938
6342,0,16838,946
6343,0,16838,924
6344,0,16838,924
6345,0,16838,899
6346,0,16838,929
6347,0,16838,961
6348,0,16838,953
6349,0,16838,965
6350,0,16838,999
6351,0,16838,980
6352,0,16838,935
6353,0,16838,933
6354,0,16838,1012
6355,0,16838,946
6356,0,16838,924
6357,0,16838,926
6358,0,16838,1074
6359,0,16838,1070
6360,0,16838,1050
6361,0,16838,1044
6362,0,16838,1021
6363,0,16838,1100
6364,0,16838,1109
6365,0,16838,947
6366,0,16838,1185
6367,0,16838,1006
6368,0,16838,1075
6369,0,16838,974
6370,0,16838,993
6371,0,16838,1033
6372,0,16838,955
6373,0,16838,889
6374,0,16838,988
6375,0,16838,1071
6376,0,16838,1039
6377,0,16838,977
6378,0,16838,1005
6379,0,16838,953
6380,0,16838,942
6381,0,16838,920
6382,0,16838,902
6383,0,16838,893
6384,0,16838,968
6385,0,16838,974
6386,0,16838,1058
6387,0,16838,925
6388,0,16838,913
6389,0,16838,965
6390,0,16838,921
6391,0,16838,962
6392,0,16838,918
6393,0,16838,925
6394,0,16838,896
6395,0,16838,903
6396,0,16838,1037
6397,0,16838,1005
6398,0,16838,1092
6399,0,16838,1092
6400,0,16838,1086
6401,0,16838,1045
6402,0,16838,1026
6403,0,16838,1010
6404,0,16838,1092
6405,0,16838,1013
6406,0,16838,1075
6407,0,16838,997
6408,0,16838,932
6409,0,16838,962
6410,0,16838,939
6411,0,16838,984
6412,0,16838,951
6413,0,16838,887
6414,0,16838,991
6415,0,16838,847
6416,0,16838,843
6417,0,16838,863
6418,0,16838,904
6419,0,16838,977
6420,0,16838,933
6421,0,16838,1008
6422,0,16838,982
6423,0,16838,932
6424,0,16838,921
6425,0,16838,932
6426,0,16838,956
6427,0,16838,1009
6428,0,16838,958
6429,0,16838,926
6430,0,16838,837
6431,0,16838,843
6432,0,16838,877
6433,0,16838,837
6434,0,16838,849
6435,0,16838,988
6436,0,16838,1004
6437,0,16838,1008
6438,0,16838,973
6439,0,16838,985
6440,0,16838,962
6441,0,16838,955
6442,0,16838,901
6443,0,16838,977
6444,0,16838,864
6445,0,16838,867
6446,0,16838,880
6447,0,16838,870
6448,0,16838,888
6449,0,16838,782
6450,0,16838,898
6451,0,16838,822
6452,0,16838,794
6453,0,16838,822
6454,0,16838,809
6455,0,16838,778
6456,0,16838,763
6457,0,16838,848
6458,0,16838,756
6459,0,16838,762
6460,0,16838,715
6461,0,16838,774
6462,0,16838,834
6463,0,16838,796
6464,0,16838,801
6465,0,16838,829
6466,0,16838,825
6467,0,16838,715
6468,0,16838,750
6469,0,16838,757
6470,0,16838,716
6471,0,16838,659
6472,0,16838,632
6473,0,16838,683
6474,0,16838,688
6475,0,16838,707
6476,0,16838,759
6477,0,16838,809
6478,0,16838,711
6479,0,16838,721
6480,0,16838,705
6481,0,16838,682
6482,0,16838,670
6483,0,16838,673
6484,0,16838,673
6485,0,16838,633
6486,0,16838,678
6487,0,16838,678
6488,0,16838,690
6489,0,16838,678
6490,0,16838,611
6491,0,16838,657
6492,0,16838,672
6493,0,16838,649
6494,0,16838,620
6495,0,16838,611
6496,0,16838,635
6497,0,16838,633
6498,0,16838,606
6499,0,16838,655
6500,0,16838,662
6501,0,16838,697
6502,0,16838,637
6503,0,16838,707
6504,0,16838,647
6505,0,16838,681
6506,0,16838,701
6507,0,16838,678
6508,0,16838,714
6509,0,16838,725
6510,0,16838,717
6511,0,16838,683
6512,0,16838,660
6513,0,16838,667
6514,0,16838,673
6515,0,16838,690
6516,0,16838,618
6517,0,16838,656
6518,0,16838,604
6519,0,16838,618
6520,0,16838,616
6521,0,16838,616
6522,0,16838,614
6523,0,16838,606
6524,0,16838,608
6525,0,16838,638
6526,0,16838,618
6527,0,16838,609
6528,0,16838,618
6529,0,16838,620
6530,0,16838,633
6531,0,16838,623
6532,0,16838,628
6533,0,16838,628
6534,0,16838,630
6535,0,16838,639
6536,0,16838,605
6537,0,16838,603
6538,0,16838,576
6539,0,16838,579
6540,0,16838,608
6541,0,16838,584
6542,0,16838,592
6543,0,16838,618
6544,0,16838,597
6545,0,16838,601
6546,0,16838,606
6547,0,16838,630
6548,0,16838,627
6549,0,16838,599
6550,0,16838,606
6551,0,16838,633
6552,0,16838,620
6553,0,16838,646
6554,0,16838,636
6555,0,16838,634
6556,0,16838,711
6557,0,16838,687
6558,0,16838,657
6559,0,16838,662
6560,0,16838,652
6561,0,16838,668
6562,0,16838,662
6563,0,16838,677
6564,0,16838,694
6565,0,16838,780
6566,0,16838,739
6567,0,16838,691
6568,0,16838,700
6569,0,16838,700
6570,0,16838,721
6571,0,16838,771
6572,0,16838,742
6573,0,16838,740
6574,0,16838,703
6575,0,16838,852
6576,0,16838,919
6577,0,16838,944
6578,0,16838,940
6579,0,16838,834
6580,0,16838,823
6581,0,16838,848
6582,0,16838,815
6583,0,16838,873
6584,0,16838,833
6585,0,16838,845
6586,0,16838,841
6587,0,16838,850
6588,0,16838,817
6589,0,16838,752
6590,0,16838,765
6591,0,16838,754
6592,0,16838,681
6593,0,16838,673
6594,0,16838,673
6595,0,16838,673
6596,0,16838,772
6597,0,16838,761
6598,0,16838,737
6599,0,16838,728
6600,0,16838,742
6601,0,16838,728
6602,0,16838,751
6603,0,16838,732
6604,0,16838,736
6605,0,16838,772
6606,0,16838,757
6607,0,16838,802
6608,0,16838,769
6609,0,16838,763
6610,0,16838,672
6611,0,16838,730
6612,0,16838,682
6613,0,16838,784
6614,0,16838,781
6615,0,16838,682
6616,0,16838,669
6617,0,16838,685
6618,0,16838,669
6619,0,16838,688
6620,0,16838,702
6621,0,16838,675
6622,0,16838,680
6623,0,16838,699
6624,0,16838,691
6625,0,16838,674
6626,0,16838,663
6627,0,16838,667
6628,0,16838,685
6629,0,16838,744
6630,0,16838,742
6631,0,16838,693
6632,0,16838,762
6633,0,16838,768
6634,0,16838,718
6635,0,16838,699
6636,0,16838,627
6637,0,16838,670
6638,0,16838,693
6639,0,16838,612
6640,0,16838,622
6641,0,16838,654
6642,0,16838,707
6643,0,16838,685
6644,0,16838,649
6645,0,16838,673
6646,0,16838,683
6647,0,16838,649
6648,0,16838,639
6649,0,16838,659
6650,0,16838,651
6651,0,16838,620
6652,0,16838,603
6653,0,16838,617
6654,0,16838,621
6655,0,16838,669
6656,0,16838,634
6657,0,16838,605
6658,0,16838,589
6659,0,16838,667
6660,0,16838,627
6661,0,16838,627
6662,0,16838,652
6663,0,16838,630
6664,0,16838,642
6665,0,16838,630
6666,0,16838,597
6667,0,16838,601
6668,0,16838,603
6669,0,16838,615
6670,0,16838,657
6671,0,16838,635
6672,0,16838,627
6673,0,16838,630
6674,0,16838,642
6675,0,16838,640
6676,0,16838,653
6677,0,16838,659
6678,0,16838,669
6679,0,16838,653
6680,0,16838,638
6681,0,16838,721
6682,0,16838,664
6683,0,16838,656
6684,0,16838,663
6685,0,16838,643
6686,0,16838,648
6687,0,16838,733
6688,0,16838,636
6689,0,16838,636
6690,0,16838,668
6691,0,16838,701
6692,0,16838,720
6693,0,16838,673
6694,0,16838,656
6695,0,16838,695
6696,0,16838,698
6697,0,16838,757
6698,0,16838,640
6699,0,16838,728
6700,0,16838,740
6701,0,16838,680
6702,0,16838,769
6703,0,16838,785
6704,0,16838,748
6705,0,16838,743
6706,0,16838,731
6707,0,16838,723
6708,0,16838,723
6709,0,16838,776
6710,0,16838,791
6711,0,16838,776
6712,0,16838,772
6713,0,16838,691
6714,0,16838,831
6715,0,16838,824
6716,0,16838,807
6717,0,16838,784
6718,0,16838,773
6719,0,16838,761
6720,0,16838,758
6721,0,16838,813
6722,0,16838,820
6723,0,16838,794
6724,0,16838,782
6725,0,16838,791
6726,0,16838,839
6727,0,16838,831
6728,0,16838,788
6729,0,16838,801
6730,0,16838,807
6731,0,16838,807
6732,0,16838,853
6733,0,16838,807
6734,0,16838,794
6735,0,16838,826
6736,0,16838,870
6737,0,16838,866
6738,0,16838,866
6739,0,16838,833
6740,0,16838,873
6741,0,16838,880
6742,0,16838,801
6743,0,16838,4071
6744,1,16838,42382
6745,1,16838,60944
6746,1,16838,61152
6747,0,16838,61231
6748,0,16838,61392
6749,1,16838,61624
6750,1,16838,61336
6751,1,16838,60645
6752,1,16838,60543
6753,1,16838,60786
6754,1,16838,60875
6755,1,16838,60583
6756,1,16838,60319
6757,1,16838,60183
6758,1,16838,60335
6759,1,16838,60178
6760,1,16838,60378
6761,1,16838,60407
6762,1,16838,60205
6763,1,16838,60378
6764,1,16838,60397
6765,1,16838,60117
6766,1,16838,60247
6767,1,16838,60071
6768,1,16838,59938
6769,1,16838,60079
6770,1,16838,60763
6771,1,16838,61461
6772,1,16838,61610
6773,1,16838,61295
6774,1,16838,61253
6775,1,16838,61199
6776,1,16838,61280
6777,1,16838,61325
6778,1,16838,61230
6779,1,16838,61537
6780,1,16838,62164
6781,1,16838,62481
6782,1,16838,62338
6783,1,16838,62503
6784,1,16838,62967
6785,1,16838,63162
6786,1,16838,63145
6787,1,16838,63287
6788,1,16838,63310
6789,1,16838,63177
6790,1,16838,63134
6791,1,16838,63060
6792,1,16838,63103
6793,1,16838,62940
6794,1,16838,62984
6795,1,16838,63019
6796,1,16838,63136
6797,1,16838,63186
6798,1,16838,63372
6799,1,16838,63257
6800,1,16838,63195
6801,1,16838,63263
6802,1,16838,63226
6803,1,16838,63204
6804,1,16838,63199
6805,1,16838,63248
6806,1,16838,63274
6807,1,16838,63459
6808,1,16838,63479
6809,1,16838,63385
6810,1,16838,63438
6811,1,16838,63311
6812,1,16838,63165
6813,1,16838,63033
6814,1,16838,63059
6815,1,16838,63041
6816,1,16838,62983
6817,1,16838,62963
6818,1,16838,63165
6819,1,16838,63181
6820,1,16838,63176
6821,1,16838,63153
6822,1,16838,63099
6823,1,16838,63124
6824,1,16838,63226
6825,1,16838,63221
6826,1,16838,63330
6827,1,16838,63372
6828,1,16838,63302
6829,1,16838,63300
6830,1,16838,63260
6831,1,16838,63197
6832,1,16838,63230
6833,1,16838,63365
6834,1,16838,63513
6835,1,16838,63484
6836,1,16838,63272
6837,1,16838,63222
6838,1,16838,63049
6839,1,16838,63221
6840,1,16838,63147
6841,1,16838,63014
6842,1,16838,63010
6843,1,16838,63265
6844,1,16838,63247
6845,1,16838,63112
6846,1,16838,63256
6847,1,16838,62948
6848,1,16838,63130
6849,1,16838,62985
6850,1,16838,62980
6851,1,16838,63344
6852,1,16838,62951
6853,1,16838,63080
6854,1,16838,63291
6855,1,16838,63425
6856,1,16838,63180
6857,1,16838,63208
6858,1,16838,63421
6859,1,16838,63489
6860,1,16838,63491
6861,1,16838,63446
6862,1,16838,63513
6863,1,16838,63551
6864,1,16838,63492
6865,1,16838,63645
6866,1,16838,63642
6867,1,16838,63613
6868,1,16838,63671
6869,1,16838,63578
6870,1,16838,63536
6871,1,16838,63520
6872,1,16838,63567
6873,1,16838,63771
6874,1,16838,63455
6875,1,16838,63287
6876,1,16838,63691
6877,1,16838,63827
6878,1,16838,63793
6879,1,16838,63704
6880,1,16838,63920
6881,1,16838,63754
6882,1,16838,63765
6883,1,16838,63846
6884,1,16838,63717
6885,1,16838,63779
6886,1,16838,64180
6887,1,16838,64170
6888,1,16838,63893
6889,1,16838,63900
6890,1,16838,64046
6891,1,16838,64302
6892,1,16838,64210
6893,1,16838,64225
6894,1,16838,64288
6895,1,16838,64108
6896,1,16838,64121
6897,1,16838,64396
6898,1,16838,64502
6899,1,16838,64350
6900,1,16838,64324
6901,1,16838,64419
6902,1,16838,64382
6903,1,16838,64269
6904,1,16838,64316
6905,1,16838,64420
6906,1,16838,64486
6907,1,16838,64462
6908,1,16838,64477
6909,1,16838,64526
6910,1,16838,64612
6911,1,16838,64715
6912,1,16838,64641
6913,1,16838,64582
6914,1,16838,64593
6915,1,16838,64553
6916,1,16838,64388
6917,1,16838,64342
6918,1,16838,64567
6919,1,16838,64584
6920,1,16838,64308
6921,1,16838,64385
6922,1,16838,64361
6923,1,16838,64537
6924,1,16838,64510
6925,1,16838,64568
6926,1,16838,64561
6927,1,16838,64591
6928,1,16838,64588
6929,1,16838,64353
6930,1,16838,64396
6931,1,16838,64491
6932,1,16838,64552
6933,1,16838,64775
6934,1,16838,64816
6935,1,16838,64809
6936,1,16838,64972
6937,1,16838,64915
6938,1,16838,64826
6939,1,16838,64894
6940,1,16838,64934
6941,1,16838,64931
6942,1,16838,64763
6943,1,16838,64792
6944,1,16838,64820
6945,1,16838,64945
6946,1,16838,64973
6947,1,16838,65028
6948,1,16838,65057
6949,1,16838,65044
6950,1,16838,65088
6951,1,16838,65153
6952,1,16838,65172
6953,1,16838,65127
6954,1,16838,65159
6955,1,16838,65153
6956,1,16838,65207
6957,1,16838,65239
6958,1,16838,65288
6959,1,16838,65335
6960,1,16838,65343
6961,1,16838,65398
6962,1,16838,65468
6963,1,16838,65490
6964,1,16838,65422
6965,1,16838,65346
6966,1,16838,65293
6967,1,16838,65294
6968,1,16838,65297
6969,1,16838,65336
6970,1,16838,65225
6971,1,16838,65212
6972,1,16838,65226
6973,1,16838,65180
6974,1,16838,65112
6975,1,16838,65003
6976,1,16838,65054
6977,1,16838,65019
6978,1,16838,65058
6979,1,16838,64978
6980,1,16838,64925
6981,1,16838,64911
6982,1,16838,65047
6983,1,16838,65015
6984,1,16838,64970
6985,1,16838,65024
6986,1,16838,64924
6987,1,16838,64905
6988,1,16838,65024
6989,1,16838,64996
6990,1,16838,64989
6991,1,16838,64956
6992,1,16838,64841
6993,1,16838,64986
6994,1,16838,64893
6995,1,16838,64863
6996,1,16838,64970
6997,1,16838,64974
6998,1,16838,65016
6999,1,16838,65087
7000,1,16838,64974
7001,1,16838,64995
7002,1,16838,65012
7003,1,16838,64940
7004,1,16838,64934
7005,1,16838,64801
7006,1,16838,5414
7007,0,16838,5927
7008,0,16838,4785
7009,0,16838,6293
7010,0,16838,6339
7011,0,16838,5876
7012,0,16838,5035
7013,0,16838,5413
7014,0,16838,5040
7015,0,16838,5414
7016,0,16838,5258
7017,0,16838,4831
7018,0,16838,4322
7019,0,16838,4575
7020,0,16838,5515
7021,0,16838,5530
7022,0,16838,5575
7023,0,16838,5003
7024,0,16838,5223
7025,0,16838,4630
7026,0,16838,4317
7027,0,16838,5646
7028,0,16838,4334
7029,0,16838,4375
7030,0,16838,4554
7031,0,16838,11596
7032,0,16838,60199
7033,0,16838,64442
7034,0,16838,64801
7035,1,16838,64721
7036,1,16838,64699
7037,1,16838,64783
7038,1,16838,64752
7039,1,16838,64813
7040,1,16838,64990
7041,1,16838,64910
7042,1,16838,64946
7043,1,16838,64967
7044,1,16838,64872
7045,1,16838,64820
7046,1,16838,64811
7047,1,16838,64859
7048,1,16838,64880
7049,1,16838,64818
7050,1,16838,64818
7051,1,16838,64767
7052,1,16838,64745
7053,1,16838,64699
7054,1,16838,64738
7055,1,16838,64755
7056,1,16838,64747
7057,1,16838,64749
7058,1,16838,64751
7059,1,16838,64741
7060,1,16838,64722
7061,1,16838,64784
7062,1,16838,64751
7063,1,16838,64676
7064,1,16838,64601
7065,1,16838,64633
7066,1,16838,64842
7067,1,16838,64787
7068,1,16838,64783
7069,1,16838,64783
7070,1,16838,64707
7071,1,16838,64768
7072,1,16838,64976
7073,1,16838,64993
7074,1,16838,65026
7075,1,16838,64981
7076,1,16838,65037
7077,1,16838,65004
7078,1,16838,65133
7079,1,16838,65106
7080,1,16838,65173
7081,1,16838,65208
7082,1,16838,65227
7083,1,16838,65251
7084,1,16838,65297
7085,1,16838,65315
7086,1,16838,65308
7087,1,16838,65256
7088,1,16838,65308
7089,1,16838,65253
7090,1,16838,65279
7091,1,16838,65261
7092,1,16838,65320
7093,1,16838,65275
7094,1,16838,65218
7095,1,16838,65259
7096,1,16838,65244
7097,1,16838,65230
7098,1,16838,65243
7099,1,16838,65222
7100,1,16838,65234
7101,1,16838,65220
7102,1,16838,65214
7103,1,16838,65215
7104,1,16838,65256
7105,1,16838,65268
7106,1,16838,65234
7107,1,16838,65290
7108,1,16838,65313
7109,1,16838,65297
7110,1,16838,65288
7111,1,16838,65297
7112,1,16838,65240
7113,1,16838,65254
7114,1,16838,65265
7115,1,16838,65254
7116,1,16838,65286
7117,1,16838,65239
7118,1,16838,65272
7119,1,16838,65285
7120,1,16838,65304
7121,1,16838,65290
7122,1,16838,65250
7123,1,16838,65246
7124,1,16838,65279
7125,1,16838,65287
7126,1,16838,65298
7127,1,16838,65325
7128,1,16838,65295
7129,1,16838,65293
7130,1,16838,65270
7131,1,16838,65228
7132,1,16838,65269
7133,1,16838,65301
7134,1,16838,65322
7135,1,16838,65329
7136,1,16838,65368
7137,1,16838,65386
7138,1,16838,65345
7139,1,16838,65346
7140,1,16838,65313
7141,1,16838,65326
7142,1,16838,65319
7143,1,16838,65333
7144,1,16838,65337
7145,1,16838,65304
7146,1,16838,65313
7147,1,16838,65327
7148,1,16838,65346
7149,1,16838,65334
7150,1,16838,65374
7151,1,16838,65361
7152,1,16838,65349
7153,1,16838,65408
7154,1,16838,65391
7155,1,16838,65399
7156,1,16838,65401
7157,1,16838,65453
7158,1,16838,65460
7159,1,16838,65457
7160,1,16838,65464
7161,1,16838,65456
7162,1,16838,65451
7163,1,16838,65437
7164,1,16838,65431
7165,1,16838,65448
7166,1,16838,65429
7167,1,16838,65397
7168,1,16838,65371
7169,1,16838,65354
7170,1,16838,65304
7171,1,16838,65328
7172,1,16838,65359
7173,1,16838,65388
7174,1,16838,65369
7175,1,16838,65363
7176,1,16838,65410
7177,1,16838,65417
7178,1,16838,65403
7179,1,16838,65416
7180,1,16838,65389
7181,1,16838,65371
7182,1,16838,65329
7183,1,16838,65327
7184,1,16838,65314
7185,1,16838,65351
7186,1,16838,65324
7187,1,16838,65336
7188,1,16838,65320
7189,1,16838,65310
7190,1,16838,65358
7191,1,16838,65379
7192,1,16838,65393
7193,1,16838,65393
7194,1,16838,65385
7195,1,16838,65372
7196,1,16838,65374
7197,1,16838,65404
7198,1,16838,65389
7199,1,16838,65409
7200,1,16838,65405
7201,1,16838,65410
7202,1,16838,65408
7203,1,16838,65419
7204,1,16838,65429
7205,1,16838,65437
7206,1,16838,65432
7207,1,16838,65439
7208,1,16838,65442
7209,1,16838,65447
7210,1,16838,65444
7211,1,16838,65449
7212,1,16838,65454
7213,1,16838,65454
7214,1,16838,65451
7215,1,16838,65437
7216,1,16838,65394
7217,1,16838,65347
7218,1,16838,65357
7219,1,16838,65352
7220,1,16838,65358
7221,1,16838,65327
7222,1,16838,65348
7223,1,16838,65354
7224,1,16838,65358
7225,1,16838,65362
7226,1,16838,65369
7227,1,16838,65371
7228,1,16838,65360
7229,1,16838,65373
7230,1,16838,65376
7231,1,16838,65383
7232,1,16838,65395
7233,1,16838,65396
7234,1,16838,65417
7235,1,16838,65411
7236,1,16838,65411
7237,1,16838,65415
7238,1,16838,65416
7239,1,16838,65412
7240,1,16838,65396
7241,1,16838,65406
7242,1,16838,65408
7243,1,16838,65409
7244,1,16838,65422
7245,1,16838,65430
7246,1,16838,65417
7247,1,16838,65407
7248,1,16838,65417
7249,1,16838,65411
7250,1,16838,65407
7251,1,16838,65433
7252,1,16838,65434
7253,1,16838,65440
7254,1,16838,65445
7255,1,16838,65444
7256,1,16838,65436
7257,1,16838,65446
7258,1,16838,65443
7259,1,16838,65452
7260,1,16838,65457
7261,1,16838,65459
7262,1,16838,65453
7263,1,16838,65458
7264,1,16838,65453
7265,1,16838,65453
7266,1,16838,65460
7267,1,16838,65441
7268,1,16838,65443
7269,1,16838,65447
7270,1,16838,65455
7271,1,16838,65451
7272,1,16838,65478
7273,1,16838,65485
7274,1,16838,65474
7275,1,16838,65500
7276,1,16838,65502
7277,1,16838,65509
7278,1,16838,65517
7279,1,16838,65520
7280,1,16838,65522
7281,1,16838,65522
7282,1,16838,65522
7283,1,16838,65521
7284,1,16838,65527
7285,1,16838,65525
7286,1,16838,65518
7287,1,16838,65518
7288,1,16838,65512
7289,1,16838,65506
7290,1,16838,65503
7291,1,16838,65507
7292,1,16838,65510
7293,1,16838,65510
7294,1,16838,65507
7295,1,16838,65507
7296,1,16838,65510
7297,1,16838,65510
7298,1,16838,65508
7299,1,16838,65500
7300,1,16838,65492
7301,1,16838,65492
7302,1,16838,65496
7303,1,16838,65491
7304,1,16838,65484
7305,1,16838,65480
7306,1,16838,65476
7307,1,16838,65466
7308,1,16838,65467
7309,1,16838,65468
7310,1,16838,65466
7311,0,16838,64853
7312,0,16838,32472
7313,0,16838,32864
7314,0,16838,31776
7315,0,16838,30517
7316,0,16838,29934
7317,0,16838,29545
7318,0,16838,29481
7319,0,16838,29008
7320,0,16838,28228
7321,0,16838,27048
7322,0,16838,28632
7323,0,16838,27162
7324,0,16838,27266
7325,0,16838,27954
7326,0,16838,28286
7327,0,16838,26886
7328,0,16838,29338
7329,0,16838,29597
7330,0,16838,28694
7331,0,16838,28609
7332,0,16838,28438
7333,0,16838,27671
7334,0,16838,28652
7335,0,16838,27926
7336,0,16838,27162
7337,0,16838,25830
7338,0,16838,23853
7339,0,16838,25738
7340,0,16838,26597
7341,0,16838,26282
7342,0,16838,25679
7343,0,16838,25845
7344,0,16838,25772
7345,0,16838,27133
7346,0,16838,26880
7347,0,16838,25254
7348,0,16838,24700
7349,0,16838,25502
7350,0,16838,25278
7351,0,16838,25502
7352,0,16838,26419
7353,0,16838,24773
7354,0,16838,25278
7355,0,16838,25514
7356,0,16838,26295
7357,0,16838,27572
7358,0,16838,28756
7359,0,16838,28307
7360,0,16838,28884
7361,0,16838,29142
7362,0,16838,28243
7363,0,16838,27987
7364,0,16838,28989
7365,0,16838,28655
7366,0,16838,28848
7367,0,16838,29106
7368,0,16838,28206
7369,0,16838,28292
7370,0,16838,28912
7371,0,16838,29105
7372,0,16838,30022
7373,0,16838,29299
7374,0,16838,30802
7375,0,16838,29905
7376,0,16838,30359
7377,0,16838,30294
7378,0,16838,30165
7379,0,16838,30925
7380,0,16838,30455
7381,0,16838,32080
7382,0,16838,32471
7383,0,16838,32484
7384,0,16838,31884
7385,0,16838,32602
7386,0,16838,32583
7387,0,16838,32759
7388,0,16838,32104
7389,0,16838,31844
7390,0,16838,33547
7391,0,16838,33572
7392,0,16838,33702
7393,0,16838,33702
7394,0,16838,33298
7395,0,16838,32701
7396,0,16838,32397
7397,0,16838,34428
7398,0,16838,34614
7399,0,16838,34484
7400,0,16838,34614
7401,0,16838,35245
7402,0,16838,36327
7403,0,16838,37547
7404,0,16838,37303
7405,0,16838,37866
7406,0,16838,38184
7407,0,16838,39005
7408,0,16838,38108
7409,0,16838,37674
7410,0,16838,38247
7411,0,16838,37878
7412,0,16838,38879
7413,0,16838,39068
7414,0,16838,37993
7415,0,16838,37993
7416,0,16838,38311
7417,0,16838,38879
7418,0,16838,38564
7419,0,16838,38299
7420,0,16838,40242
7421,0,16838,39858
7422,0,16838,41041
7423,0,16838,42918
7424,0,16838,42239
7425,0,16838,42698
7426,0,16838,41698
7427,0,16838,42639
7428,0,16838,44711
7429,0,16838,44386
7430,0,16838,42299
7431,0,16838,43910
7432,0,16838,44083
7433,0,16838,43737
7434,0,16838,43852
7435,0,16838,43212
7436,0,16838,43446
7437,0,16838,42443
7438,0,16838,40872
7439,0,16838,40749
7440,0,16838,38250
7441,0,16838,38882
7442,0,16838,39635
7443,0,16838,40070
7444,0,16838,38503
7445,0,16838,40397
7446,0,16838,39486
7447,0,16838,42092
7448,0,16838,42718
7449,0,16838,41982
7450,0,16838,42540
7451,0,16838,42659
7452,0,16838,44473
7453,0,16838,45089
7454,0,16838,45084
7455,0,16838,45129
7456,0,16838,43750
7457,0,16838,43238
7458,0,16838,44119
7459,0,16838,42330
7460,0,16838,42845
7461,0,16838,45139
7462,0,16838,45794
7463,0,16838,45463
7464,0,16838,46393
7465,0,16838,46393
7466,0,16838,45333
7467,0,16838,45849
7468,0,16838,45296
7469,0,16838,44621
7470,0,16838,44971
7471,0,16838,43417
7472,0,16838,43371
7473,0,16838,43156
7474,0,16838,43332
7475,0,16838,43759
7476,0,16838,44029
7477,0,16838,43566
7478,0,16838,43623
7479,0,16838,42347
7480,0,16838,42148
7481,0,16838,42307
7482,0,16838,41666
7483,0,16838,42027
7484,0,16838,42684
7485,0,16838,42861
7486,0,16838,43097
7487,0,16838,43923
7488,0,16838,43448
7489,0,16838,44028
7490,0,16838,44646
7491,0,16838,45037
7492,0,16838,44522
7493,0,16838,45851
7494,0,16838,45637
7495,0,16838,47100
7496,0,16838,48850
7497,0,16838,47353
7498,0,16838,49573
7499,0,16838,51195
7500,0,16838,51024
7501,0,16838,48997
7502,0,16838,48491
7503,0,16838,48500
7504,0,16838,49419
7505,0,16838,49322
7506,0,16838,51394
7507,0,16838,59130
7508,0,16838,61401
7509,0,16838,61130
7510,0,16838,61078
7511,0,16838,61275
7512,0,16838,61354
7513,0,16838,61211
7514,0,16838,61812
7515,0,16838,61881
7516,0,16838,61879
7517,0,16838,62168
7518,0,16838,61693
7519,0,16838,60250
7520,0,16838,59418
7521,0,16838,58399
7522,0,16838,57463
7523,0,16838,53856
7524,0,16838,53390
7525,0,16838,52829
7526,0,16838,50177
7527,0,16838,49293
7528,0,16838,49147
7529,0,16838,48802
7530,0,16838,48139
7531,0,16838,48078
7532,0,16838,47822
7533,0,16838,47719
7534,0,16838,47563
7535,0,16838,46933
7536,0,16838,47179
7537,0,16838,47511
7538,0,16838,47563
7539,0,16838,46397
7540,0,16838,47711
7541,0,16838,46786
7542,0,16838,47858
7543,0,16838,48406
7544,0,16838,48416
7545,0,16838,47726
7546,0,16838,48223
7547,0,16838,47099
7548,0,16838,48048
7549,0,16838,51520
7550,0,16838,49754
7551,0,16838,51012
7552,0,16838,55750
7553,0,16838,57550
7554,0,16838,56709
7555,0,16838,53766
7556,0,16838,53766
7557,0,16838,53689
7558,0,16838,52485
7559,0,16838,49319
7560,0,16838,47284
7561,0,16838,43862
7562,0,16838,41534
7563,0,16838,37496
7564,0,16838,35175
7565,0,16838,34264
7566,0,16838,35375
7567,0,16838,36839
7568,0,16838,40636
7569,0,16838,55332
7570,0,16838,46970
7571,0,16838,23427
7572,0,16838,22417
7573,0,16838,21514
7574,0,16838,53668
7575,0,16838,59395
7576,0,16838,42234
7577,0,16838,41791
7578,0,16838,41483
7579,0,16838,41641
7580,0,16838,40474
7581,0,16838,46025
7582,0,16838,50329
7583,0,16838,44054
7584,0,16838,44625
7585,0,16838,50983
7586,0,16838,51973
7587,0,16838,55544
7588,0,16838,59590
7589,0,16838,58808
7590,0,16838,57908
7591,0,16838,55141
7592,0,16838,53333
7593,0,16838,52239
7594,0,16838,50709
7595,0,16838,49399
7596,0,16838,48401
7597,0,16838,48351
7598,0,16838,61912
7599,0,16838,61745
7600,0,16838,59413
7601,0,16838,65292
7602,0,16838,60819
7603,0,16838,38229
7604,0,16838,18195
7605,0,16838,18054
7606,0,16838,16386
7607,0,16838,16297
7608,0,16838,9866
7609,0,16838,9757
7610,0,16838,8241
7611,0,16838,8433
7612,0,16838,7526
7613,0,16838,6948
7614,0,16838,6801
7615,0,16838,7881
7616,0,16838,9268
7617,0,16838,9164
7618,0,16838,8644
7619,0,16838,8581
7620,0,16838,7875
7621,0,16838,8071
7622,0,16838,10420
7623,0,16838,11363
7624,0,16838,11024
7625,0,16838,11330
7626,0,16838,11747
7627,0,16838,11823
7628,0,16838,12454
7629,0,16838,11901
7630,0,16838,12366
7631,0,16838,12286
7632,0,16838,12128
7633,0,16838,12199
7634,0,16838,11648
7635,0,16838,13245
7636,0,16838,12920
7637,0,16838,12775
7638,0,16838,12585
7639,0,16838,12666
7640,0,16838,13070
7641,0,16838,13967
7642,0,16838,14772
7643,0,16838,14545
7644,0,16838,14395
7645,0,16838,14425
7646,0,16838,14726
7647,0,16838,14681
7648,0,16838,16135
7649,0,16838,17890
7650,0,16838,17632
7651,0,16838,14446
7652,0,16838,15884
7653,0,16838,18068
7654,0,16838,20105
7655,0,16838,19944
7656,0,16838,19619
7657,0,16838,18383
7658,0,16838,17348
7659,0,16838,15104
7660,0,16838,13289
7661,0,16838,12910
7662,0,16838,12764
7663,0,16838,13536
7664,0,16838,13493
7665,0,16838,13451
7666,0,16838,13408
7667,0,16838,13708
7668,0,16838,14412
7669,0,16838,14457
7670,0,16838,14531
7671,0,16838,14764
7672,0,16838,16380
7673,0,16838,16528
7674,0,16838,17065
7675,0,16838,17830
7676,0,16838,17015
7677,0,16838,17657
7678,0,16838,19660
7679,0,16838,27310
7680,0,16838,30916
7681,0,16838,32664
7682,0,16838,24315
7683,0,16838,19004
7684,0,16838,17239
7685,0,16838,4936
7686,0,16838,4188
7687,0,16838,4596
7688,0,16838,4665
7689,0,16838,5153
7690,0,16838,4876
7691,0,16838,5191
7692,0,16838,5728
7693,0,16838,6339
7694,0,16838,7984
7695,0,16838,9361
7696,0,16838,9609
7697,0,16838,9329
7698,0,16838,10220
7699,0,16838,11135
7700,0,16838,10930
7701,0,16838,11216
7702,0,16838,13255
7703,0,16838,15338
7704,0,16838,59698
7705,0,16838,47857
7706,0,16838,64469
7707,0,16838,63124
7708,0,16838,60795
7709,0,16838,58900
7710,0,16838,54008
7711,0,16838,50232
7712,0,16838,42049
7713,0,16838,37452
7714,0,16838,33241
7715,0,16838,28372
7716,0,16838,25592
7717,0,16838,25841
7718,0,16838,27478
7719,0,16838,30615
7720,0,16838,32510
7721,0,16838,32510
7722,0,16838,32249
7723,0,16838,31336
7724,0,16838,30493
7725,0,16838,30185
7726,0,16838,30348
7727,0,16838,32225
7728,0,16838,32473
7729,0,16838,38528
7730,0,16838,41293
7731,0,16838,41293
7732,0,16838,40490
7733,0,16838,42320
7734,0,16838,40792
7735,0,16838,34795
7736,0,16838,27940
7737,0,16838,26225
7738,0,16838,28094
7739,0,16838,32597
7740,0,16838,30815
7741,0,16838,30274
7742,0,16838,26938
7743,0,16838,26151
7744,0,16838,25161
7745,0,16838,27508
7746,0,16838,29432
7747,0,16838,30067
7748,0,16838,29122
7749,0,16838,30067
7750,0,16838,29613
7751,0,16838,29909
7752,0,16838,29303
7753,0,16838,30083
7754,0,16838,29303
7755,0,16838,30424
7756,0,16838,30883
7757,0,16838,31107
7758,0,16838,32100
7759,0,16838,32243
7760,0,16838,32199
7761,0,16838,30419
7762,0,16838,33815
7763,0,16838,35234
7764,0,16838,38767
7765,0,16838,41054
7766,0,16838,44311
7767,0,16838,49779
7768,0,16838,48707
7769,0,16838,49922
7770,0,16838,50971
7771,0,16838,51031
7772,0,16838,52709
7773,0,16838,63107
7774,0,16838,65337
7775,0,16838,62954
7776,0,16838,65355
7777,0,16838,65143
7778,0,16838,57804
7779,0,16838,55051
7780,0,16838,54685
7781,0,16838,41877
7782,0,16838,44352
7783,0,16838,43609
7784,0,16838,59214
7785,0,16838,55445
7786,0,16838,28332
7787,0,16838,27569
7788,0,16838,27442
7789,0,16838,26667
7790,0,16838,26301
7791,0,16838,27672
7792,0,16838,21277
7793,0,16838,22591
7794,0,16838,22516
7795,0,16838,20212
7796,0,16838,19550
7797,0,16838,19879
7798,0,16838,19126
7799,0,16838,18750
7800,0,16838,19008
7801,0,16838,18745
7802,0,16838,19018
7803,0,16838,19660
7804,0,16838,19756
7805,0,16838,19700
7806,0,16838,19207
7807,0,16838,19490
7808,0,16838,20379
7809,0,16838,21012
7810,0,16838,20773
7811,0,16838,23716
7812,0,16838,21630
7813,0,16838,23655
7814,0,16838,24200
7815,0,16838,23541
7816,0,16838,21804
7817,0,16838,22446
7818,0,16838,23335
7819,0,16838,24861
7820,0,16838,25751
7821,0,16838,24668
7822,0,16838,24363
7823,0,16838,25284
7824,0,16838,27037
7825,0,16838,27037
7826,0,16838,26709
7827,0,16838,26608
7828,0,16838,27278
7829,0,16838,26898
7830,0,16838,25107
7831,0,16838,24872
7832,0,16838,24987
7833,0,16838,23825
7834,0,16838,23074
7835,0,16838,23874
7836,0,16838,23813
7837,0,16838,22943
7838,0,16838,24715
7839,0,16838,24287
7840,0,16838,24226
7841,0,16838,24267
7842,0,16838,24287
7843,0,16838,23805
7844,0,16838,23327
7845,0,16838,23862
7846,0,16838,23621
7847,0,16838,22904
7848,0,16838,22197
7849,0,16838,21382
7850,0,16838,21032
7851,0,16838,20980
7852,0,16838,22030
7853,0,16838,23730
7854,0,16838,22833
7855,0,16838,22892
7856,0,16838,23250
7857,0,16838,23972
7858,0,16838,23429
7859,0,16838,23549
7860,0,16838,23972
7861,0,16838,24397
7862,0,16838,24215
7863,0,16838,25195
7864,0,16838,27389
7865,0,16838,31062
7866,0,16838,37169
7867,0,16838,37425
7868,0,16838,37553
7869,0,16838,36698
7870,0,16838,36269
7871,0,16838,37489
7872,0,16838,37936
7873,0,16838,36895
7874,0,16838,39074
7875,0,16838,35052
7876,0,16838,34145
7877,0,16838,34701
7878,0,16838,36127
7879,0,16838,36010
7880,0,16838,37719
7881,0,16838,38577
7882,0,16838,37617
7883,0,16838,38747
7884,0,16838,39906
7885,0,16838,40433
7886,0,16838,40843
7887,0,16838,40802
7888,0,16838,40112
7889,0,16838,37541
7890,0,16838,35515
7891,0,16838,35338
7892,0,16838,36232
7893,0,16838,37772
7894,0,16838,37772
7895,0,16838,36297
7896,0,16838,35780
7897,0,16838,37261
7898,0,16838,38154
7899,0,16838,40902
7900,0,16838,42817
7901,0,16838,43094
7902,0,16838,43870
7903,0,16838,45724
7904,0,16838,45743
7905,0,16838,45244
7906,0,16838,46006
7907,0,16838,46006
7908,0,16838,45732
7909,0,16838,44557
7910,0,16838,44301
7911,0,16838,43870
7912,0,16838,43229
7913,0,16838,42043
7914,0,16838,42521
7915,0,16838,43057
7916,0,16838,43754
7917,0,16838,43638
7918,0,16838,43405
7919,0,16838,42222
7920,0,16838,41378
7921,0,16838,42043
7922,0,16838,44089
7923,0,16838,43438
7924,0,16838,44306
7925,0,16838,46762
7926,0,16838,47604
7927,0,16838,47903
7928,0,16838,49064
7929,0,16838,49546
7930,0,16838,49599
7931,0,16838,49214
7932,0,16838,47914
7933,0,16838,48109
7934,0,16838,49109
7935,0,16838,49401
7936,0,16838,49216
7937,0,16838,50813
7938,0,16838,50969
7939,0,16838,50946
7940,0,16838,50946
7941,0,16838,51638
7942,0,16838,52470
7943,0,16838,53524
7944,0,16838,53388
7945,0,16838,52854
7946,0,16838,52022
7947,0,16838,53359
7948,0,16838,53208
7949,0,16838,51000
7950,0,16838,48372
7951,0,16838,52764
7952,0,16838,54099
7953,0,16838,53446
7954,0,16838,53208
7955,0,16838,53504
7956,0,16838,53795
7957,0,16838,53858
7958,0,16838,55391
7959,0,16838,55892
7960,0,16838,56960
7961,0,16838,57252
7962,0,16838,56780
7963,0,16838,57452
7964,0,16838,56757
7965,0,16838,53658
7966,0,16838,52276
7967,0,16838,52873
7968,0,16838,52832
7969,0,16838,51244
7970,0,16838,50107
7971,0,16838,51630
7972,0,16838,52484
7973,0,16838,53859
7974,0,16838,54919
7975,0,16838,55431
7976,0,16838,55894
7977,0,16838,54932
7978,0,16838,53955
7979,0,16838,52566
7980,0,16838,51976
7981,0,16838,52146
7982,0,16838,50964
7983,0,16838,50105
7984,0,16838,50199
7985,0,16838,51700
7986,0,16838,52506
7987,0,16838,52820
7988,0,16838,53633
7989,0,16838,54639
7990,0,16838,53421
7991,0,16838,54418
7992,0,16838,54745
7993,0,16838,54781
7994,0,16838,55517
7995,0,16838,55444
7996,0,16838,56126
7997,0,16838,56380
7998,0,16838,56348
7999,0,16838,56009
8000,0,16838,55713
8001,0,16838,54673
8002,0,16838,53701
8003,0,16838,52950
8004,0,16838,53350
8005,0,16838,53546
8006,0,16838,53931
8007,0,16838,55064
8008,0,16838,54823
8009,0,16838,54787
8010,0,16838,58179
8011,0,16838,57482
8012,0,16838,57211
8013,0,16838,57036
8014,0,16838,56777
8015,0,16838,56334
8016,0,16838,57269
8017,0,16838,58604
8018,0,16838,58604
8019,0,16838,58823
8020,0,16838,57552
8021,0,16838,56976
8022,0,16838,54607
8023,0,16838,51698
8024,0,16838,51004
8025,0,16838,50944
8026,0,16838,51169
8027,0,16838,51391
8028,0,16838,53397
8029,0,16838,54680
8030,0,16838,56026
8031,0,16838,56984
8032,0,16838,57065
8033,0,16838,56706
8034,0,16838,56208
8035,0,16838,56553
8036,0,16838,56857
8037,0,16838,56737
8038,0,16838,56676
8039,0,16838,56255
8040,0,16838,55933
8041,0,16838,54716
8042,0,16838,54759
8043,0,16838,55654
8044,0,16838,56214
8045,0,16838,56474
8046,0,16838,57202
8047,0,16838,56574
8048,0,16838,55854
8049,0,16838,55541
8050,0,16838,55712
8051,0,16838,55229
8052,0,16838,52694
8053,0,16838,51880
8054,0,16838,51043
8055,0,16838,50589
8056,0,16838,50269
8057,0,16838,50635
8058,0,16838,50772
8059,0,16838,50249
8060,0,16838,49745
8061,0,16838,48906
8062,0,16838,49750
8063,0,16838,49892
8064,0,16838,49935
8065,0,16838,49466
8066,0,16838,49466
8067,0,16838,49466
8068,0,16838,50133
8069,0,16838,50133
8070,0,16838,49514
8071,0,16838,50086
8072,0,16838,50413
8073,0,16838,51810
8074,0,16838,51947
8075,0,16838,52089
8076,0,16838,52455
8077,0,16838,53440
8078,0,16838,52462
8079,0,16838,52975
8080,0,16838,51962
8081,0,16838,51836
8082,0,16838,52126
8083,0,16838,52253
8084,0,16838,51580
8085,0,16838,52295
8086,0,16838,52211
8087,0,16838,52628
8088,0,16838,53143
8089,0,16838,53036
8090,0,16838,53408
8091,0,16838,53946
8092,0,16838,54321
8093,0,16838,53648
8094,0,16838,52008
8095,0,16838,52055
8096,0,16838,51702
8097,0,16838,51890
8098,0,16838,50501
8099,0,16838,51587
8100,0,16838,51345
8101,0,16838,50897
8102,0,16838,53356
8103,0,16838,53277
8104,0,16838,53247
8105,0,16838,51905
8106,0,16838,50160
8107,0,16838,50398
8108,0,16838,49563
8109,0,16838,48076
8110,0,16838,47084
8111,0,16838,46002
8112,0,16838,47900
8113,0,16838,46864
8114,0,16838,46970
8115,0,16838,46882
8116,0,16838,47339
8117,0,16838,48076
8118,0,16838,49591
8119,0,16838,45004
8120,0,16838,43166
8121,0,16838,43821
8122,0,16838,45144
8123,0,16838,44167
8124,0,16838,44603
8125,0,16838,45599
8126,0,16838,45979
8127,0,16838,44295
8128,0,16838,43420
8129,0,16838,44077
8130,0,16838,43788
8131,0,16838,43430
8132,0,16838,43191
8133,0,16838,42956
8134,0,16838,43904
8135,0,16838,43141
8136,0,16838,43323
8137,0,16838,44855
8138,0,16838,46687
8139,0,16838,46261
8140,0,16838,45903
8141,0,16838,46687
8142,0,16838,44986
8143,0,16838,42970
8144,0,16838,43029
8145,0,16838,43552
8146,0,16838,42496
8147,0,16838,42615
8148,0,16838,43024
8149,0,16838,43264
8150,0,16838,43205
8151,0,16838,44129
8152,0,16838,45759
8153,0,16838,47322
8154,0,16838,48199
8155,0,16838,46418
8156,0,16838,45874
8157,0,16838,45154
8158,0,16838,46184
8159,0,16838,47739
8160,0,16838,48951
8161,0,16838,48951
8162,0,16838,49304
8163,0,16838,48606
8164,0,16838,49430
8165,0,16838,47366
8166,0,16838,46166
8167,0,16838,45005
8168,0,16838,44892
8169,0,16838,46758
8170,0,16838,48494
8171,0,16838,52629
8172,0,16838,52213
8173,0,16838,52268
8174,0,16838,52063
8175,0,16838,51718
8176,0,16838,50970
8177,0,16838,51160
8178,0,16838,50516
8179,0,16838,47864
8180,0,16838,48689
8181,0,16838,46543
8182,0,16838,46704
8183,0,16838,46741
8184,0,16838,45540
8185,0,16838,45328
8186,0,16838,45914
8187,0,16838,43071
8188,0,16838,43763
8189,0,16838,43655
8190,0,16838,44003
8191,0,16838,45636
8192,0,16838,46046
8193,0,16838,46271
8194,0,16838,46089
8195,0,16838,50614
8196,0,16838,51471
8197,0,16838,50528
8198,0,16838,49199
8199,0,16838,49065
8200,0,16838,50277
8201,0,16838,52121
8202,0,16838,54081
8203,0,16838,53708
8204,0,16838,53330
8205,0,16838,51840
8206,0,16838,49643
8207,0,16838,48012
8208,0,16838,47951
8209,0,16838,49201
8210,0,16838,48416
8211,0,16838,49214
8212,0,16838,48454
8213,0,16838,49452
8214,0,16838,49669
8215,0,16838,56898
8216,1,16838,65362
8217,1,16838,65516
8218,1,16838,65518
8219,1,16838,65521
8220,1,16838,65520
8221,1,16838,65518
8222,1,16838,65519
8223,1,16838,65528
8224,1,16838,65533
